,links,date,category
0,https://www.woolworths.co.za/prod/Food/Meat-Poultry-Fish/Poultry/Chicken-Portions-Other/Free-Range-Skinless-Chicken-Breast-Avg-400-g/_/A-2020200000004?isFromPLP=true,2023-05-29,Meat_poultry_fish
1,https://www.woolworths.co.za/prod/Food/Meat-Poultry-Fish/Poultry/Crumbed/Crumbed-Chicken-Schnitzels-Avg-700-g/_/A-2034180000008?isFromPLP=true,2023-05-29,Meat_poultry_fish
2,https://www.woolworths.co.za/prod/Food/Meat-Poultry-Fish/Mince-Meatballs/Lean-Beef-Mince-1-kg/_/A-20144807?isFromPLP=true,2023-05-29,Meat_poultry_fish
3,https://www.woolworths.co.za/prod/Food/Meat-Poultry-Fish/Poultry/Crumbed/Crumbed-Chicken-Breast-Fillets-Avg-530-g/_/A-2034200000001?isFromPLP=true,2023-05-29,Meat_poultry_fish
4,https://www.woolworths.co.za/prod/Food/Meat-Poultry-Fish/Poultry/Chicken-Portions-Other/Chicken-Value-Pack-Avg-1-5-kg/_/A-2061480000001?isFromPLP=true,2023-05-29,Meat_poultry_fish
5,https://www.woolworths.co.za/prod/Food/Food-Basket/WRewards-Green/Free-Range-Whole-Bird-Avg-1-3-kg/_/A-2031580000003?isFromPLP=true,2023-05-29,Meat_poultry_fish
6,https://www.woolworths.co.za/prod/Online-Feature/Featured-for-Content/Recipes/Irresistible-side/Streaky-Wood-Smoked-Bacon-250-g/_/A-6009178801727?isFromPLP=true,2023-05-29,Meat_poultry_fish
7,https://www.woolworths.co.za/prod/Food/Meat-Poultry-Fish/Poultry/Chicken-Portions-Other/Skinless-Chicken-Breast-Avg-400-g/_/A-2084920000003?isFromPLP=true,2023-05-29,Meat_poultry_fish
8,https://www.woolworths.co.za/prod/Food/Meat-Poultry-Fish/Lamb/Chops/Free-Range-Lamb-Rib-Chops-Avg-500-g/_/A-2004730000000?isFromPLP=true,2023-05-29,Meat_poultry_fish
9,https://www.woolworths.co.za/prod/Food/Meat-Poultry-Fish/Boerewors-Sausages/Grabouw-Boerewors-Avg-600-g/_/A-2060990000006?isFromPLP=true,2023-05-29,Meat_poultry_fish
10,https://www.woolworths.co.za/prod/Food/Meat-Poultry-Fish/Boerewors-Sausages/Pork-Bangers-500-g/_/A-20000370?isFromPLP=true,2023-05-29,Meat_poultry_fish
11,https://www.woolworths.co.za/prod/Food/Meat-Poultry-Fish/Boerewors-Sausages/Bulk-Grabouw-Boerewors-Avg-1-5-kg/_/A-2061550000009?isFromPLP=true,2023-05-29,Meat_poultry_fish
12,https://www.woolworths.co.za/prod/Food/Meat-Poultry-Fish/Burgers/Thick-Free-Range-Beef-Burgers-800-g/_/A-20106522?isFromPLP=true,2023-05-29,Meat_poultry_fish
13,https://www.woolworths.co.za/prod/Online-Feature/Featured-for-Content/Recipes/The-braai-life/Free-Range-Chicken-Drumsticks-Thighs-Avg-900-g/_/A-2020190000008?isFromPLP=true,2023-05-29,Meat_poultry_fish
14,https://www.woolworths.co.za/prod/Food/Meat-Poultry-Fish/Bacon-Other-Smoked/Bacon/Wood-Smoked-Back-Bacon-250-g/_/A-6009178801734?isFromPLP=true,2023-05-29,Meat_poultry_fish
15,https://www.woolworths.co.za/prod/Food/Meat-Poultry-Fish/Braai/Free-Range-Bulk-Lamb-Chops-Avg-1-kg/_/A-2068830000001?isFromPLP=true,2023-05-29,Meat_poultry_fish
16,https://www.woolworths.co.za/prod/Food/Meat-Poultry-Fish/Lamb/Chops/Free-Range-Lamb-Loin-Chops-Avg-650-g/_/A-2004710000006?isFromPLP=true,2023-05-29,Meat_poultry_fish
17,https://www.woolworths.co.za/prod/Food/Meat-Poultry-Fish/Poultry/Chicken-Portions-Other/Chicken-Drumsticks-Thighs-Avg-1-8-kg/_/A-2034270000000?isFromPLP=true,2023-05-29,Meat_poultry_fish
18,https://www.woolworths.co.za/prod/Online-Feature/Featured-for-Content/Recipes/Fresh-take-on-nachos/Free-Range-Skinless-Chicken-Mini-Breast-Fillets-400-g/_/A-20056803?isFromPLP=true,2023-05-29,Meat_poultry_fish
19,https://www.woolworths.co.za/prod/Food/Meat-Poultry-Fish/Beef/Steaks/Matured-Thick-Cut-Beef-Sirloin-Steak-Avg-550-g/_/A-2028910000000?isFromPLP=true,2023-05-29,Meat_poultry_fish
20,https://www.woolworths.co.za/prod/Food/Meat-Poultry-Fish/Mince-Meatballs/Lean-Beef-Mince-500-g/_/A-20144791?isFromPLP=true,2023-05-29,Meat_poultry_fish
21,https://www.woolworths.co.za/prod/Food/Meat-Poultry-Fish/Boerewors-Sausages/Grabouw-Boerewors-Avg-350-g/_/A-2085930000007?isFromPLP=true,2023-05-29,Meat_poultry_fish
22,https://www.woolworths.co.za/prod/Food/Meat-Poultry-Fish/Bacon-Other-Smoked/Other-Smoked/Kassler-Pork-Chops-Avg-400-g/_/A-2034310000007?isFromPLP=true,2023-05-29,Meat_poultry_fish
23,https://www.woolworths.co.za/prod/Online-Feature/Featured-for-Content/Recipes/Free-Range-Braai/Free-Range-Chicken-Drumsticks-Thighs-Avg-1-8-kg/_/A-2024220000006?isFromPLP=true,2023-05-29,Meat_poultry_fish
24,https://www.woolworths.co.za/prod/Food/Meat-Poultry-Fish/Braai/Sweet-Sticky-Pork-Loin-Ribs-Avg-1-kg/_/A-2570890000001?isFromPLP=true,2023-05-29,Meat_poultry_fish
25,https://www.woolworths.co.za/prod/Food/Meat-Poultry-Fish/Poultry/Roasts-Whole-Chickens/Whole-Chicken-Avg-1-3-kg/_/A-2032920000004?isFromPLP=true,2023-05-29,Meat_poultry_fish
26,https://www.woolworths.co.za/prod/Food/Meat-Poultry-Fish/Pork/Roasts/Medium-Ready-to-Cook-Gammon-Avg-1-7-kg/_/A-2028540000005?isFromPLP=true,2023-05-29,Meat_poultry_fish
27,https://www.woolworths.co.za/prod/Food/Meat-Poultry-Fish/Poultry/Roasts-Whole-Chickens/Savoury-Deboned-Chicken-Avg-1-kg/_/A-2064510000002?isFromPLP=true,2023-05-29,Meat_poultry_fish
28,https://www.woolworths.co.za/prod/Food/Meat-Poultry-Fish/Poultry/Chicken-Portions-Other/Free-Range-Skinless-Chicken-Breasts-Avg-850-g/_/A-2084860000002?isFromPLP=true,2023-05-29,Meat_poultry_fish
29,https://www.woolworths.co.za/prod/Food/Meat-Poultry-Fish/Braai/Tuscan-Rub-Chicken-Roast-with-a-Butter-Brine-Based-Blend-Avg-1-2-kg/_/A-2032130000009?isFromPLP=true,2023-05-29,Meat_poultry_fish
30,https://www.woolworths.co.za/prod/Food/Eid-Shop/Eid-Feast/Eid-Lunch/Easy-to-Cook-Roast/Free-Range-Deboned-Leg-of-Lamb-with-Rosemary-Garlic-Avg-1-kg/_/A-2009330000009?isFromPLP=true,2023-05-29,Meat_poultry_fish
31,https://www.woolworths.co.za/prod/Food/Meat-Poultry-Fish/Easy-Roasts-Meals/Chicken-Other-Poultry/Savoury-Rub-Chicken-Roast-with-a-Butter-Brine-Based-Blend-Avg-1-2-kg/_/A-2020270000003?isFromPLP=true,2023-05-29,Meat_poultry_fish
32,https://www.woolworths.co.za/prod/Food/Meat-Poultry-Fish/Mince-Meatballs/Free-Range-Lean-Beef-Mince-1-kg/_/A-6009171288785?isFromPLP=true,2023-05-29,Meat_poultry_fish
33,https://www.woolworths.co.za/prod/Food/Meat-Poultry-Fish/Pork/Roasts/Pork-Fillet-Avg-400-g/_/A-2004890000001?isFromPLP=true,2023-05-29,Meat_poultry_fish
34,https://www.woolworths.co.za/prod/Food/Meat-Poultry-Fish/Beef/Steaks/Half-Beef-Fillet-Avg-680-g/_/A-2029840000009?isFromPLP=true,2023-05-29,Meat_poultry_fish
35,https://www.woolworths.co.za/prod/Food/Meat-Poultry-Fish/Poultry/Chicken-Portions-Other/Chicken-Drumsticks-Thighs-Avg-900-g/_/A-2084900000009?isFromPLP=true,2023-05-29,Meat_poultry_fish
36,https://www.woolworths.co.za/prod/Food/Meat-Poultry-Fish/Beef/Steaks/Matured-Thick-Cut-Beef-Rump-Steak-Avg-700-g/_/A-2028900000003?isFromPLP=true,2023-05-29,Meat_poultry_fish
37,https://www.woolworths.co.za/prod/Food/Meat-Poultry-Fish/Poultry/Crumbed/Crumbed-Free-Range-Chicken-Schnitzels-Avg-700-g/_/A-2097370000004?isFromPLP=true,2023-05-29,Meat_poultry_fish
38,https://www.woolworths.co.za/prod/Food/Meat-Poultry-Fish/Poultry/Roasts-Whole-Chickens/Whole-Chicken-Avg-3-kg/_/A-2070940000000?isFromPLP=true,2023-05-29,Meat_poultry_fish
39,https://www.woolworths.co.za/prod/Food/Meat-Poultry-Fish/Pork/Chops-Other/Pork-Loin-Chops-Avg-1-1-kg/_/A-2565660000008?isFromPLP=true,2023-05-29,Meat_poultry_fish
40,https://www.woolworths.co.za/prod/Food/Meat-Poultry-Fish/Beef/Steaks/Seasoned-Rump-Beef-Steak-Avg-300-g/_/A-2064680000000?isFromPLP=true,2023-05-29,Meat_poultry_fish
41,https://www.woolworths.co.za/prod/Food/Ready-Meals/Plant-Based-Ready-Meals/PlantLove-Swiss-Chard-Sweetcorn-Butter-Bean-Rounds-4-pk/_/A-20201814?isFromPLP=true,2023-05-29,Meat_poultry_fish
42,https://www.woolworths.co.za/prod/Food/Meat-Poultry-Fish/Poultry/Chicken-Portions-Other/Skinless-Chicken-Mini-Breast-Fillets-400-g/_/A-20035419?isFromPLP=true,2023-05-29,Meat_poultry_fish
43,https://www.woolworths.co.za/prod/Food/Meat-Poultry-Fish/Braai/Free-Range-Lamb-Ribbetjies-Avg-600-g/_/A-2031710000002?isFromPLP=true,2023-05-29,Meat_poultry_fish
44,https://www.woolworths.co.za/prod/Food/Meat-Poultry-Fish/Beef/Steaks/Matured-Thick-Cut-Beef-Rib-Eye-Steak-Avg-600-g/_/A-2028920000007?isFromPLP=true,2023-05-29,Meat_poultry_fish
45,https://www.woolworths.co.za/prod/Food/Meat-Poultry-Fish/Lamb/Cuts-Other/Free-Range-Lamb-Knuckles-Avg-750-g/_/A-2031680000002?isFromPLP=true,2023-05-29,Meat_poultry_fish
46,https://www.woolworths.co.za/prod/Food/Meat-Poultry-Fish/Pork/Chops-Other/Pork-Loin-Chops-Avg-500-g/_/A-2004980000003?isFromPLP=true,2023-05-29,Meat_poultry_fish
47,https://www.woolworths.co.za/prod/Food/Meat-Poultry-Fish/Poultry/Chicken-Portions-Other/Chicken-Portions-Value-Pack-Avg-3-kg/_/A-2070960000004?isFromPLP=true,2023-05-29,Meat_poultry_fish
48,https://www.woolworths.co.za/prod/Food/Meat-Poultry-Fish/Lamb/Chops/Free-Range-Lamb-Chops-Avg-500-g/_/A-2031690000009?isFromPLP=true,2023-05-29,Meat_poultry_fish
49,https://www.woolworths.co.za/prod/Food/Meat-Poultry-Fish/Bacon-Other-Smoked/Bacon/Diced-Wood-Smoked-Bacon-250-g/_/A-6009178802113?isFromPLP=true,2023-05-29,Meat_poultry_fish
50,https://www.woolworths.co.za/prod/Food/Meat-Poultry-Fish/Poultry/Kebabs-Espetadas/2-Free-Range-Sundried-Tomato-Chicken-Espetadas-Avg-800-g/_/A-2093340000005?isFromPLP=true,2023-05-29,Meat_poultry_fish
51,https://www.woolworths.co.za/prod/Food/Meat-Poultry-Fish/Beef/Pets-Mince/Posh-Pets-Beef-Mince-Avg-700-g/_/A-2005610000004?isFromPLP=true,2023-05-29,Meat_poultry_fish
52,https://www.woolworths.co.za/prod/Food/Meat-Poultry-Fish/Mince-Meatballs/Free-Range-Lean-Beef-Mince-500-g/_/A-6001009034151?isFromPLP=true,2023-05-29,Meat_poultry_fish
53,https://www.woolworths.co.za/prod/Food/Frozen-Food/Beef-Lamb-Poultry-Pork/Frozen-Crumbed-Chicken-Burgers-480-g/_/A-6009171619893?isFromPLP=true,2023-05-29,Meat_poultry_fish
54,https://www.woolworths.co.za/prod/Food/Meat-Poultry-Fish/Poultry/Chicken-Portions-Other/Skinless-Chicken-Thigh-Fillets-Avg-700-g/_/A-2024980000001?isFromPLP=true,2023-05-29,Meat_poultry_fish
55,https://www.woolworths.co.za/prod/Food/Meat-Poultry-Fish/Beef/Steaks/Barbeque-Sirloin-Beef-Steaks-Avg-300-g/_/A-2071920000003?isFromPLP=true,2023-05-29,Meat_poultry_fish
56,https://www.woolworths.co.za/prod/Food/Meat-Poultry-Fish/Poultry/Chicken-Portions-Other/Free-Range-Skinless-Chicken-Thigh-Fillets-Avg-900-g/_/A-2032880000007?isFromPLP=true,2023-05-29,Meat_poultry_fish
57,https://www.woolworths.co.za/prod/Food/Meat-Poultry-Fish/Boerewors-Sausages/Pork-Bangers-1-kg/_/A-20076412?isFromPLP=true,2023-05-29,Meat_poultry_fish
58,https://www.woolworths.co.za/prod/Food/Meat-Poultry-Fish/Beef/Steaks/Free-Range-Beef-Stroganoff-Avg-500-g/_/A-2033640000008?isFromPLP=true,2023-05-29,Meat_poultry_fish
59,https://www.woolworths.co.za/prod/Food/Meat-Poultry-Fish/Poultry/Kebabs-Espetadas/6-BBQ-Marinated-Chicken-Kebabs-650-g/_/A-20076474?isFromPLP=true,2023-05-29,Meat_poultry_fish
60,https://www.woolworths.co.za/prod/Food/Meat-Poultry-Fish/Lamb/Roasts/Free-Range-Spiced-Rack-of-Lamb-Avg-850-g/_/A-2008310000008?isFromPLP=true,2023-05-29,Meat_poultry_fish
61,https://www.woolworths.co.za/prod/Online-Feature/Featured-for-Content/Recipes/Your-foolproof-fish-braai/Hake-Fillet-Avg-350-g/_/A-2034350000005?isFromPLP=true,2023-05-29,Meat_poultry_fish
62,https://www.woolworths.co.za/prod/Food/Meat-Poultry-Fish/Poultry/Chicken-Portions-Other/Free-Range-Chicken-Drumsticks-Avg-700-g/_/A-2026000000008?isFromPLP=true,2023-05-29,Meat_poultry_fish
63,https://www.woolworths.co.za/prod/Food/Meat-Poultry-Fish/Poultry/Chicken-Portions-Other/Free-Range-Chicken-Livers-250-g/_/A-6001009000262?isFromPLP=true,2023-05-29,Meat_poultry_fish
64,https://www.woolworths.co.za/prod/Food/Meat-Poultry-Fish/Poultry/Chicken-Portions-Other/Skinless-Chicken-Breast-Fillets-Avg-900-g/_/A-2084930000000?isFromPLP=true,2023-05-29,Meat_poultry_fish
65,https://www.woolworths.co.za/prod/Food/Meat-Poultry-Fish/Mince-Meatballs/Beef-Frikkadels-12-pk/_/A-20150952?isFromPLP=true,2023-05-29,Meat_poultry_fish
66,https://www.woolworths.co.za/prod/Food/Meat-Poultry-Fish/Mince-Meatballs/Extra-Lean-Beef-Mince-1-kg/_/A-20145095?isFromPLP=true,2023-05-29,Meat_poultry_fish
67,https://www.woolworths.co.za/prod/Food/Meat-Poultry-Fish/Fish-Shellfish/Crumbed/Crumbed-Hake-Fish-Cakes-600-g/_/A-6009182307314?isFromPLP=true,2023-05-29,Meat_poultry_fish
68,https://www.woolworths.co.za/prod/Food/Meat-Poultry-Fish/Pork/Chops-Other/Pork-Steaks-Avg-500-g/_/A-2027820000001?isFromPLP=true,2023-05-29,Meat_poultry_fish
69,https://www.woolworths.co.za/prod/Food/Meat-Poultry-Fish/Burgers/Crumbed-Chicken-Burgers-600-g/_/A-6001009023728?isFromPLP=true,2023-05-29,Meat_poultry_fish
70,https://www.woolworths.co.za/prod/Food/Meat-Poultry-Fish/Boerewors-Sausages/Free-Range-Chicken-Sausage-500-g/_/A-20184407?isFromPLP=true,2023-05-29,Meat_poultry_fish
71,https://www.woolworths.co.za/prod/Food/Promotions/Buy-2-Or-More-And-Save/Save-R20/Crumbed-Pork-Chops/Crumbed-Pork-Chops-Avg-730-g/_/A-2034340000008?isFromPLP=true,2023-05-29,Meat_poultry_fish
72,https://www.woolworths.co.za/prod/Food/Meat-Poultry-Fish/Beef/Offal-Others/Beef-Ox-Liver-Avg-500-g/_/A-2005540000006?isFromPLP=true,2023-05-29,Meat_poultry_fish
73,https://www.woolworths.co.za/prod/Food/Meat-Poultry-Fish/Beef/Steaks/Free-Range-Mature-Thick-Cut-Beef-Sirloin-Steak-Avg-600-g/_/A-2033630000001?isFromPLP=true,2023-05-29,Meat_poultry_fish
74,https://www.woolworths.co.za/prod/Food/Meat-Poultry-Fish/Braai/Free-Range-Sweet-Citrus-Butterflied-Chicken-Avg-1-4-kg/_/A-2082140000001?isFromPLP=true,2023-05-29,Meat_poultry_fish
75,https://www.woolworths.co.za/prod/Food/Meat-Poultry-Fish/Bacon-Other-Smoked/Bacon/Bulk-Diced-Wood-Smoked-Bacon-500-g/_/A-6009182649780?isFromPLP=true,2023-05-29,Meat_poultry_fish
76,https://www.woolworths.co.za/prod/Food/Meat-Poultry-Fish/Braai/Smokey-Barbeque-Deboned-Chicken-Avg-1-kg/_/A-2570910000004?isFromPLP=true,2023-05-29,Meat_poultry_fish
77,https://www.woolworths.co.za/prod/Food/Meat-Poultry-Fish/Poultry/Crumbed/Crumbed-Chicken-Breast-Fillets-Avg-900-g/_/A-2034170000001?isFromPLP=true,2023-05-29,Meat_poultry_fish
78,https://www.woolworths.co.za/prod/Food/Meat-Poultry-Fish/Poultry/Kebabs-Espetadas/2-Free-Range-Spicy-Yoghurt-Chicken-Espetadas-Avg-800-g/_/A-2562930000003?isFromPLP=true,2023-05-29,Meat_poultry_fish
79,https://www.woolworths.co.za/prod/Food/Meat-Poultry-Fish/Lamb/Cuts-Other/Free-Range-Lamb-Leg-Cubes-Avg-500-g/_/A-2033060000008?isFromPLP=true,2023-05-29,Meat_poultry_fish
80,https://www.woolworths.co.za/prod/Food/Meat-Poultry-Fish/Lamb/Roasts/Free-Range-Leg-of-Lamb-Avg-2-kg/_/A-2004750000004?isFromPLP=true,2023-05-29,Meat_poultry_fish
81,https://www.woolworths.co.za/prod/Food/Meat-Poultry-Fish/Boerewors-Sausages/Bulk-Drakensberg-Boerewors-Avg-1-2-kg/_/A-2565410000005?isFromPLP=true,2023-05-29,Meat_poultry_fish
82,https://www.woolworths.co.za/prod/Food/Meat-Poultry-Fish/Beef/Offal-Others/Beef-Bones-Avg-1-kg/_/A-2029810000008?isFromPLP=true,2023-05-29,Meat_poultry_fish
83,https://www.woolworths.co.za/prod/Food/Meat-Poultry-Fish/Beef/Offal-Others/Beef-Stir-Fry-Avg-600-g/_/A-2029740000000?isFromPLP=true,2023-05-29,Meat_poultry_fish
84,https://www.woolworths.co.za/prod/Food/Meat-Poultry-Fish/Poultry/Chicken-Portions-Other/Free-Range-Skinless-Drumsticks-Thighs-Avg-1-kg/_/A-2032140000006?isFromPLP=true,2023-05-29,Meat_poultry_fish
85,https://www.woolworths.co.za/prod/Food/Meat-Poultry-Fish/Bacon-Other-Smoked/Other-Smoked/Kassler-Pork-Chops-Avg-1-kg/_/A-2561530000000?isFromPLP=true,2023-05-29,Meat_poultry_fish
86,https://www.woolworths.co.za/prod/Food/Meat-Poultry-Fish/Crumbed-Meat-Poultry-Fish/BBQ-Crumbed-Chicken-Schnitzels-Avg-800-g/_/A-2070780000000?isFromPLP=true,2023-05-29,Meat_poultry_fish
87,https://www.woolworths.co.za/prod/Food/Meat-Poultry-Fish/Lamb/Cuts-Other/Free-Range-Stewing-Lamb-Avg-800-g/_/A-2031840000002?isFromPLP=true,2023-05-29,Meat_poultry_fish
88,https://www.woolworths.co.za/prod/Food/Meat-Poultry-Fish/Lamb/Chops/Free-Range-Lamb-Chump-Chops-Avg-500-g/_/A-2004720000003?isFromPLP=true,2023-05-29,Meat_poultry_fish
89,https://www.woolworths.co.za/prod/Food/Meat-Poultry-Fish/Beef/Steaks/8-Matured-Beef-Sirloin-Steaks-Avg-1-2-kg/_/A-2029920000004?isFromPLP=true,2023-05-29,Meat_poultry_fish
90,https://www.woolworths.co.za/prod/Food/Meat-Poultry-Fish/Poultry/Chicken-Portions-Other/Skinless-Chicken-Breast-Fillets-Avg-1-2-kg/_/A-2070340000006?isFromPLP=true,2023-05-29,Meat_poultry_fish
91,https://www.woolworths.co.za/prod/Food/Meat-Poultry-Fish/Bacon-Other-Smoked/Other-Smoked/Pork-Rashers-Avg-400-g/_/A-2071580000009?isFromPLP=true,2023-05-29,Meat_poultry_fish
92,https://www.woolworths.co.za/prod/Food/Food-Basket/WRewards-Green/Free-Range-Chicken-Wings-Avg-600-g/_/A-2021250000006?isFromPLP=true,2023-05-29,Meat_poultry_fish
93,https://www.woolworths.co.za/prod/Food/Meat-Poultry-Fish/Beef/Steaks/Beef-Whole-Fillet-Avg-1-5-kg/_/A-2029900000000?isFromPLP=true,2023-05-29,Meat_poultry_fish
94,https://www.woolworths.co.za/prod/Food/Meat-Poultry-Fish/Braai/Portuguese-Peri-Peri-Butterflied-Chicken-Avg-1-3-kg/_/A-2034210000008?isFromPLP=true,2023-05-29,Meat_poultry_fish
95,https://www.woolworths.co.za/prod/Food/Meat-Poultry-Fish/Lamb/Chops/Free-Range-Leg-of-Lamb-Chops-Avg-900-g/_/A-2565500000007?isFromPLP=true,2023-05-29,Meat_poultry_fish
96,https://www.woolworths.co.za/prod/Food/Meat-Poultry-Fish/Fish-Shellfish/Crumbed/Crumbed-Hake-Fillets-Avg-400-g/_/A-2060860000006?isFromPLP=true,2023-05-29,Meat_poultry_fish
97,https://www.woolworths.co.za/prod/Food/Meat-Poultry-Fish/Poultry/Kebabs-Espetadas/6-Lemon-Black-Pepper-Marinated-Chicken-Kebabs-650-g/_/A-20039479?isFromPLP=true,2023-05-29,Meat_poultry_fish
98,https://www.woolworths.co.za/prod/Food/Meat-Poultry-Fish/Angus-Venison-Duck-Ostrich/Ostrich-Extra-Lean-Mince-500-g/_/A-20161392?isFromPLP=true,2023-05-29,Meat_poultry_fish
99,https://www.woolworths.co.za/prod/Online-Feature/Featured-for-Content/Recipes/Good-Fats/Norwegian-Salmon-Portions-500-g/_/A-6005000430219?isFromPLP=true,2023-05-29,Meat_poultry_fish
100,https://www.woolworths.co.za/prod/Food/Meat-Poultry-Fish/Pork/Chops-Other/Bulk-Pork-Braai-Chops-Avg-1-5-kg/_/A-2572960000003?isFromPLP=true,2023-05-29,Meat_poultry_fish
101,https://www.woolworths.co.za/prod/Food/Meat-Poultry-Fish/Poultry/Chicken-Portions-Other/Free-Range-Chicken-Portions-Avg-2-6-kg/_/A-2571480000005?isFromPLP=true,2023-05-29,Meat_poultry_fish
102,https://www.woolworths.co.za/prod/Food/Meat-Poultry-Fish/Crumbed-Meat-Poultry-Fish/Lemon-Black-Pepper-Crumbed-Chicken-Breast-Fillets-Avg-500-g/_/A-2027030000006?isFromPLP=true,2023-05-29,Meat_poultry_fish
103,https://www.woolworths.co.za/prod/Food/Meat-Poultry-Fish/Crumbed-Meat-Poultry-Fish/Southern-Fried-Crumbed-Mini-Chicken-Breast-Fillets-Avg-400-g/_/A-2031550000002?isFromPLP=true,2023-05-29,Meat_poultry_fish
104,https://www.woolworths.co.za/prod/Food/Food-Basket/WRewards-Green/Free-Range-Chicken-Portions-Avg-1-2-kg/_/A-2070950000007?isFromPLP=true,2023-05-29,Meat_poultry_fish
105,https://www.woolworths.co.za/prod/Food/Pantry/Snacks-Chips-Nuts/Biltong-Droewors/Original-Beef-Biltong-Snapsticks-150-g/_/A-20047962?isFromPLP=true,2023-05-29,Meat_poultry_fish
106,https://www.woolworths.co.za/prod/Food/Meat-Poultry-Fish/Fish-Shellfish/Whole-Fish-Portions/Lightly-Smoked-Rainbow-Trout-250-g/_/A-6009207839301?isFromPLP=true,2023-05-29,Meat_poultry_fish
107,https://www.woolworths.co.za/prod/Food/Meat-Poultry-Fish/Braai/2-Moroccan-Rib-Eye-Pork-Steaks-Avg-300-g/_/A-2563020000002?isFromPLP=true,2023-05-29,Meat_poultry_fish
108,https://www.woolworths.co.za/prod/Food/Meat-Poultry-Fish/Poultry/Chicken-Portions-Other/Chicken-Wings-Avg-550-g/_/A-2084870000009?isFromPLP=true,2023-05-29,Meat_poultry_fish
109,https://www.woolworths.co.za/prod/Food/Meat-Poultry-Fish/Poultry/Chicken-Portions-Other/Chicken-Drumsticks-Avg-1-7-kg/_/A-2034240000009?isFromPLP=true,2023-05-29,Meat_poultry_fish
110,https://www.woolworths.co.za/prod/Food/Meat-Poultry-Fish/Fish-Shellfish/Whole-Fish-Portions/Basa-Fillets-Avg-300-g/_/A-2565090000005?isFromPLP=true,2023-05-29,Meat_poultry_fish
111,https://www.woolworths.co.za/prod/Food/Meat-Poultry-Fish/Braai/BBQ-St-Louis-Style-Pork-Belly-Ribs-Avg-1-kg/_/A-2570870000007?isFromPLP=true,2023-05-29,Meat_poultry_fish
112,https://www.woolworths.co.za/prod/Food/Meat-Poultry-Fish/Braai/Moroccan-Butterflied-Chicken-Avg-1-4-kg/_/A-2030280000009?isFromPLP=true,2023-05-29,Meat_poultry_fish
113,https://www.woolworths.co.za/prod/Food/Meat-Poultry-Fish/Burgers/Lean-Ostrich-Burgers-800-g/_/A-6009204936379?isFromPLP=true,2023-05-29,Meat_poultry_fish
114,https://www.woolworths.co.za/prod/Food/Meat-Poultry-Fish/Beef/Steaks/Free-Range-Matured-Thick-Cut-Beef-Rump-Steak-Avg-700-g/_/A-2033620000004?isFromPLP=true,2023-05-29,Meat_poultry_fish
115,https://www.woolworths.co.za/prod/Food/Pantry/Snacks-Chips-Nuts/Biltong-Droewors/Bulk-Original-Free-Range-Sliced-Beef-Biltong-400-g/_/A-6009195715458?isFromPLP=true,2023-05-29,Meat_poultry_fish
116,https://www.woolworths.co.za/prod/Food/Meat-Poultry-Fish/Beef/Steaks/Beef-Thick-Cut-Sirloin-Steaks-Avg-1-7-kg/_/A-2083110000007?isFromPLP=true,2023-05-29,Meat_poultry_fish
117,https://www.woolworths.co.za/prod/Food/Meat-Poultry-Fish/Lamb/Mince-Meatballs/Free-Range-Lamb-Mince-500-g/_/A-6009214968070?isFromPLP=true,2023-05-29,Meat_poultry_fish
118,https://www.woolworths.co.za/prod/Food/Meat-Poultry-Fish/Crumbed-Meat-Poultry-Fish/Gluten-Free-Crumbed-Chicken-Schnitzels-Avg-700-g/_/A-2084580000009?isFromPLP=true,2023-05-29,Meat_poultry_fish
119,https://www.woolworths.co.za/prod/Food/Meat-Poultry-Fish/Poultry/Kebabs-Espetadas/6-Lemon-Garlic-Rosemary-Marinated-Chicken-Kebabs-650-g/_/A-6009204253780?isFromPLP=true,2023-05-29,Meat_poultry_fish
120,https://www.woolworths.co.za/prod/Food/Meat-Poultry-Fish/Burgers/Free-Range-Beef-Burgers-680-g/_/A-6009175293594?isFromPLP=true,2023-05-29,Meat_poultry_fish
121,https://www.woolworths.co.za/prod/Food/Meat-Poultry-Fish/Mince-Meatballs/Chicken-Mince-500-g/_/A-6009189566547?isFromPLP=true,2023-05-29,Meat_poultry_fish
122,https://www.woolworths.co.za/prod/Food/Meat-Poultry-Fish/Bacon-Other-Smoked/Bacon/Reduced-Fat-Wood-Smoked-Bacon-200-g/_/A-6009178801987?isFromPLP=true,2023-05-29,Meat_poultry_fish
123,https://www.woolworths.co.za/prod/Food/Pantry/Snacks-Chips-Nuts/Biltong-Droewors/Bulk-Original-Beef-Biltong-Snapsticks-400-g/_/A-6001009008053?isFromPLP=true,2023-05-29,Meat_poultry_fish
124,https://www.woolworths.co.za/prod/Food/Meat-Poultry-Fish/Poultry/Chicken-Portions-Other/Free-Range-Chicken-Thighs-Avg-1-1-kg/_/A-2083490000000?isFromPLP=true,2023-05-29,Meat_poultry_fish
125,https://www.woolworths.co.za/prod/Food/Meat-Poultry-Fish/Lamb/Mince-Meatballs/Lamb-Frikkadels-600-g/_/A-6005000069938?isFromPLP=true,2023-05-29,Meat_poultry_fish
126,https://www.woolworths.co.za/prod/Food/Meat-Poultry-Fish/Beef/Free-Range-Bulk-Stewing-Beef-Avg-2-6-kg/_/A-2069590000003?isFromPLP=true,2023-05-29,Meat_poultry_fish
127,https://www.woolworths.co.za/prod/Food/Meat-Poultry-Fish/Fish-Shellfish/Whole-Fish-Portions/Lightly-Smoked-Kippers-Avg-200-g/_/A-2033140000003?isFromPLP=true,2023-05-29,Meat_poultry_fish
128,https://www.woolworths.co.za/prod/Online-Feature/Content/Braai-Destination/2-Moroccan-Pork-Belly-Espetadas-Avg-600-g/_/A-2563010000005?isFromPLP=true,2023-05-29,Meat_poultry_fish
129,https://www.woolworths.co.za/prod/Food/Meat-Poultry-Fish/Crumbed-Meat-Poultry-Fish/Crumbed-Beef-Schnitzels-Avg-500-g/_/A-2080260000000?isFromPLP=true,2023-05-29,Meat_poultry_fish
130,https://www.woolworths.co.za/prod/Food/Meat-Poultry-Fish/Easy-Roasts-Meals/Chicken-Other-Poultry/Country-Herb-Free-Range-Chicken-with-a-Butter-Brine-Based-Blend-Avg-1-3-kg/_/A-2082150000008?isFromPLP=true,2023-05-29,Meat_poultry_fish
131,https://www.woolworths.co.za/prod/Food/Promotions/Buy-2-Or-More-And-Save/Buy-any-2-Save-20-/Mince/Extra-Lean-Beef-Mince-500-g/_/A-20145064?isFromPLP=true,2023-05-29,Meat_poultry_fish
132,https://www.woolworths.co.za/prod/Food/Meat-Poultry-Fish/Easy-Roasts-Meals/Chicken-Other-Poultry/Peri-Peri-Chicken-Roast-with-a-Butter-Brine-Based-Blend-Avg-1-4-kg/_/A-2074960000002?isFromPLP=true,2023-05-29,Meat_poultry_fish
133,https://www.woolworths.co.za/prod/Food/Meat-Poultry-Fish/Poultry/Chicken-Portions-Other/Free-Range-Chicken-Wings-Avg-1-5-kg/_/A-2560270000004?isFromPLP=true,2023-05-29,Meat_poultry_fish
134,https://www.woolworths.co.za/prod/Food/Meat-Poultry-Fish/Angus-Venison-Duck-Ostrich/Ostrich-Steak-Cubes-500-g/_/A-20167783?isFromPLP=true,2023-05-29,Meat_poultry_fish
135,https://www.woolworths.co.za/prod/Food/Meat-Poultry-Fish/Braai/Lightly-Smoked-Whole-Snoek-Avg-800-g/_/A-2065790000003?isFromPLP=true,2023-05-29,Meat_poultry_fish
136,https://www.woolworths.co.za/prod/Food/Meat-Poultry-Fish/Mince-Meatballs/Free-Range-Extra-Lean-Beef-Mince-1-kg/_/A-6009101091232?isFromPLP=true,2023-05-29,Meat_poultry_fish
137,https://www.woolworths.co.za/prod/Food/Meat-Poultry-Fish/Beef/Offal-Others/Beef-Oxtail-Avg-1-3-kg/_/A-2005550000003?isFromPLP=true,2023-05-29,Meat_poultry_fish
138,https://www.woolworths.co.za/prod/Food/Meat-Poultry-Fish/Boerewors-Sausages/Beef-Bangers-500-g/_/A-20000400?isFromPLP=true,2023-05-29,Meat_poultry_fish
139,https://www.woolworths.co.za/prod/Food/Meat-Poultry-Fish/Boerewors-Sausages/Chicken-Bangers-400-g/_/A-20098209?isFromPLP=true,2023-05-29,Meat_poultry_fish
140,https://www.woolworths.co.za/prod/Food/Meat-Poultry-Fish/Poultry/Duck-Turkey/Free-Range-Duck-Breasts-Avg-400-g/_/A-2029620000007?isFromPLP=true,2023-05-29,Meat_poultry_fish
141,https://www.woolworths.co.za/prod/Food/Meat-Poultry-Fish/Beef/Offal-Others/Corned-Beef-Avg-1-3-kg/_/A-2034060000005?isFromPLP=true,2023-05-29,Meat_poultry_fish
142,https://www.woolworths.co.za/prod/Food/Pantry/Snacks-Chips-Nuts/Biltong-Droewors/Original-Ostrich-Dro-wors-150-g/_/A-20170172?isFromPLP=true,2023-05-29,Meat_poultry_fish
143,https://www.woolworths.co.za/prod/Food/Meat-Poultry-Fish/Boerewors-Sausages/Pork-Herb-Bangers-500-g/_/A-6009101996247?isFromPLP=true,2023-05-29,Meat_poultry_fish
144,https://www.woolworths.co.za/prod/Food/Meat-Poultry-Fish/Poultry/Chicken-Portions-Other/Free-Range-Chicken-Drumstick-Fillets-Avg-700-g/_/A-2563090000001?isFromPLP=true,2023-05-29,Meat_poultry_fish
145,https://www.woolworths.co.za/prod/Food/Meat-Poultry-Fish/Beef/Beef-Short-Rib-Avg-800-g/_/A-2029990000003?isFromPLP=true,2023-05-29,Meat_poultry_fish
146,https://www.woolworths.co.za/prod/Food/Meat-Poultry-Fish/Braai/BBQ-Whole-Rack-Pork-Loin-Ribs-Avg-1-6-kg/_/A-2570900000007?isFromPLP=true,2023-05-29,Meat_poultry_fish
147,https://www.woolworths.co.za/prod/Food/Meat-Poultry-Fish/Pork/Roasts/Pork-Belly-Roast-Avg-1-kg/_/A-2005060000005?isFromPLP=true,2023-05-29,Meat_poultry_fish
148,https://www.woolworths.co.za/prod/Food/Pantry/Snacks-Chips-Nuts/Biltong-Droewors/Original-Free-Range-Sliced-Beef-Biltong-150-g/_/A-6001009025609?isFromPLP=true,2023-05-29,Meat_poultry_fish
149,https://www.woolworths.co.za/prod/Food/Meat-Poultry-Fish/Poultry/Crumbed/PlantLove-Crumbed-Savoury-Soya-Portions-200-g/_/A-6009214014845?isFromPLP=true,2023-05-29,Meat_poultry_fish
150,https://www.woolworths.co.za/prod/Food/Meat-Poultry-Fish/Fish-Shellfish/Crumbed/Melting-Middle-Crumbed-Salmon-Creamy-Chive-Fishcakes-280-g/_/A-6008000837927?isFromPLP=true,2023-05-29,Meat_poultry_fish
151,https://www.woolworths.co.za/prod/Online-Feature/Featured-for-Content/Recipes/Dunked-wings/Roast-Chicken-Seasoning-120-g/_/A-6009207761961?isFromPLP=true,2023-05-29,Meat_poultry_fish
152,https://www.woolworths.co.za/prod/Food/Promotions/Buy-2-Or-More-And-Save/Buy-any-2-Save-20-/Marinated-Braai-Range/10-BBQ-Marinated-Chicken-Kebabs-1-1-kg/_/A-6009101073856?isFromPLP=true,2023-05-29,Meat_poultry_fish
153,https://www.woolworths.co.za/prod/Food/Pantry/Snacks-Chips-Nuts/Biltong-Droewors/Original-Beef-Dro-wors-150-g/_/A-20077822?isFromPLP=true,2023-05-29,Meat_poultry_fish
154,https://www.woolworths.co.za/prod/Food/Pantry/Snacks-Chips-Nuts/Biltong-Droewors/Original-Free-Range-Beef-Dro-wors-150-g/_/A-6001009025623?isFromPLP=true,2023-05-29,Meat_poultry_fish
155,https://www.woolworths.co.za/prod/Food/Meat-Poultry-Fish/Burgers/Chicken-Burgers-8-pk/_/A-6009189638886?isFromPLP=true,2023-05-29,Meat_poultry_fish
156,https://www.woolworths.co.za/prod/Food/Ready-Meals/Plant-Based-Ready-Meals/PlantLove-Crumbed-Savoury-Soya-Bites-160-g/_/A-6009214014722?isFromPLP=true,2023-05-29,Meat_poultry_fish
157,https://www.woolworths.co.za/prod/Food/Meat-Poultry-Fish/Crumbed-Meat-Poultry-Fish/Lightly-Dusted-Crumbed-Spicy-Mini-Chicken-Breast-Fillets-Avg-400-g/_/A-2080230000009?isFromPLP=true,2023-05-29,Meat_poultry_fish
158,https://www.woolworths.co.za/prod/Food/Meat-Poultry-Fish/Poultry/Chicken-Portions-Other/Chicken-Rashers-250-g/_/A-20098186?isFromPLP=true,2023-05-29,Meat_poultry_fish
159,https://www.woolworths.co.za/prod/Food/Meat-Poultry-Fish/Beef/Steaks/Pepper-Crusted-Beef-Fillet-Avg-800-g/_/A-2067840000001?isFromPLP=true,2023-05-29,Meat_poultry_fish
160,https://www.woolworths.co.za/prod/Food/Promotions/Buy-2-Or-More-And-Save/Buy-any-2-Save-20-/Mince/Free-Range-Extra-Lean-Beef-Mince-500-g/_/A-6009101091225?isFromPLP=true,2023-05-29,Meat_poultry_fish
161,https://www.woolworths.co.za/prod/Food/Meat-Poultry-Fish/Mince-Meatballs/Halaal-Lean-Beef-Mince-1-kg/_/A-6001009032454?isFromPLP=true,2023-05-29,Meat_poultry_fish
162,https://www.woolworths.co.za/prod/Food/Meat-Poultry-Fish/Beef/Steaks/Barbeque-Rib-Eye-Beef-Steaks-Avg-450-g/_/A-2083480000003?isFromPLP=true,2023-05-29,Meat_poultry_fish
163,https://www.woolworths.co.za/prod/Food/Meat-Poultry-Fish/Beef/Steaks/Beef-Tenderised-Steak-Avg-750-g/_/A-2013320000009?isFromPLP=true,2023-05-29,Meat_poultry_fish
164,https://www.woolworths.co.za/prod/Food/Meat-Poultry-Fish/Lamb/Cuts-Other/Free-Range-Lamb-Bones-Avg-1-kg/_/A-2570760000001?isFromPLP=true,2023-05-29,Meat_poultry_fish
165,https://www.woolworths.co.za/prod/Food/Meat-Poultry-Fish/Braai/Free-Range-Lamb-Steak-Avg-500-g/_/A-2031750000000?isFromPLP=true,2023-05-29,Meat_poultry_fish
166,https://www.woolworths.co.za/prod/Food/Meat-Poultry-Fish/Poultry/Duck-Turkey/Free-Range-Duck-with-Chinese-5-Spice-Avg-1-7-kg/_/A-2560260000007?isFromPLP=true,2023-05-29,Meat_poultry_fish
167,https://www.woolworths.co.za/prod/Food/Meat-Poultry-Fish/Beef/Roasts/Free-Range-Beef-Half-Fillet-Avg-800-g/_/A-2069560000002?isFromPLP=true,2023-05-29,Meat_poultry_fish
168,https://www.woolworths.co.za/prod/Food/Meat-Poultry-Fish/Boerewors-Sausages/Pork-Bacon-Cheese-Bangers-500-g/_/A-6009178236888?isFromPLP=true,2023-05-29,Meat_poultry_fish
169,https://www.woolworths.co.za/prod/Food/Plant-Based-Shop/PlantLove-Minced-Soya-Rounds-160-g/_/A-6009214014692?isFromPLP=true,2023-05-29,Meat_poultry_fish
170,https://www.woolworths.co.za/prod/Food/Pantry/Condiments-Sauces-Pastes/Marinades-Braai-Sauces/Original-BBQ-Braai-Marinade-750-ml/_/A-6001009005847?isFromPLP=true,2023-05-29,Meat_poultry_fish
171,https://www.woolworths.co.za/prod/Food/Meat-Poultry-Fish/Poultry/Chicken-Portions-Other/Chicken-Thighs-Avg-2-3-kg/_/A-2034260000003?isFromPLP=true,2023-05-29,Meat_poultry_fish
172,https://www.woolworths.co.za/prod/Food/Meat-Poultry-Fish/Mince-Meatballs/Beef-Pork-Frikkadels-600-g/_/A-6009207323589?isFromPLP=true,2023-05-29,Meat_poultry_fish
173,https://www.woolworths.co.za/prod/Food/Meat-Poultry-Fish/Fish-Shellfish/Whole-Fish-Portions/Lightly-Smoked-Haddock-Fillet-Avg-300-g/_/A-2034470000008?isFromPLP=true,2023-05-29,Meat_poultry_fish
174,https://www.woolworths.co.za/prod/Food/Meat-Poultry-Fish/Poultry/Duck-Turkey/Free-Range-Duck-Legs-Avg-400-g/_/A-2095690000001?isFromPLP=true,2023-05-29,Meat_poultry_fish
175,https://www.woolworths.co.za/prod/Food/Meat-Poultry-Fish/Easy-Roasts-Meals/Fish-Shellfish/Lightly-Smoked-Haddock-Mornay-Avg-600-g/_/A-2093770000002?isFromPLP=true,2023-05-29,Meat_poultry_fish
176,https://www.woolworths.co.za/prod/Food/Meat-Poultry-Fish/Mince-Meatballs/PlantLove-Minced-Soya-180-g/_/A-6009214014715?isFromPLP=true,2023-05-29,Meat_poultry_fish
177,https://www.woolworths.co.za/prod/Food/Meat-Poultry-Fish/Boerewors-Sausages/Drakensberg-Boerewors-600-g/_/A-2067850000008?isFromPLP=true,2023-05-29,Meat_poultry_fish
178,https://www.woolworths.co.za/prod/Food/Meat-Poultry-Fish/Boerewors-Sausages/Traditional-Ostrich-Sausage-Avg-400-g/_/A-2566400000005?isFromPLP=true,2023-05-29,Meat_poultry_fish
179,https://www.woolworths.co.za/prod/Food/Pantry/Snacks-Chips-Nuts/Biltong-Droewors/Original-Ostrich-Sliced-Biltong-150-g/_/A-6001009030054?isFromPLP=true,2023-05-29,Meat_poultry_fish
180,https://www.woolworths.co.za/prod/Food/Meat-Poultry-Fish/Burgers/Halaal-Thick-Free-Range-Beef-Burgers-8-pk/_/A-6009178037775?isFromPLP=true,2023-05-29,Meat_poultry_fish
181,https://www.woolworths.co.za/prod/Food/Meat-Poultry-Fish/Easy-Roasts-Meals/Chicken-Other-Poultry/Free-Range-Confit-Duck-Legs-Avg-900-g/_/A-2097140000005?isFromPLP=true,2023-05-29,Meat_poultry_fish
182,https://www.woolworths.co.za/prod/Food/Meat-Poultry-Fish/Lamb/Ribs-Kebabs/Free-Range-Lamb-Sosatie-Kebabs-650-g/_/A-6009182250221?isFromPLP=true,2023-05-29,Meat_poultry_fish
183,https://www.woolworths.co.za/prod/Food/Meat-Poultry-Fish/Poultry/Chicken-Portions-Other/Skinless-Chicken-Drumsticks-Thighs-Avg-700-g/_/A-2084910000006?isFromPLP=true,2023-05-29,Meat_poultry_fish
184,https://www.woolworths.co.za/prod/Food/Pantry/Snacks-Chips-Nuts/Biltong-Droewors/Bulk-Original-Free-Range-Beef-Biltong-Snapsticks-400-g/_/A-6009195715540?isFromPLP=true,2023-05-29,Meat_poultry_fish
185,https://www.woolworths.co.za/prod/Food/Meat-Poultry-Fish/Braai/Sweet-Spiced-Cocktail-Wings-Avg-850-g/_/A-2030580000006?isFromPLP=true,2023-05-29,Meat_poultry_fish
186,https://www.woolworths.co.za/prod/Food/Promotions/Buy-2-Or-More-And-Save/Save-10-/Buy-6-Bulk-Meats-Save-10-/Stuffed-Beef-Rump-Roast-Avg-1-kg/_/A-2568970000003?isFromPLP=true,2023-05-29,Meat_poultry_fish
187,https://www.woolworths.co.za/prod/Food/Meat-Poultry-Fish/Angus-Venison-Duck-Ostrich/Ostrich-Steaks-Avg-1-kg/_/A-2093310000004?isFromPLP=true,2023-05-29,Meat_poultry_fish
188,https://www.woolworths.co.za/prod/Food/Meat-Poultry-Fish/Beef/Offal-Others/Beef-Corned-Tongue-Avg-1-2-kg/_/A-2034050000008?isFromPLP=true,2023-05-29,Meat_poultry_fish
189,https://www.woolworths.co.za/prod/Food/Pantry/Snacks-Chips-Nuts/Biltong-Droewors/Original-Free-Range-Beef-Biltong-Snapsticks-150-g/_/A-6001009025616?isFromPLP=true,2023-05-29,Meat_poultry_fish
190,https://www.woolworths.co.za/prod/Food/Eid-Shop/Eid-Feast/Eid-Lunch/Easy-to-Cook-Roast/Slow-Cooked-Oxtail-Avg-1-2-kg/_/A-2083160000002?isFromPLP=true,2023-05-29,Meat_poultry_fish
191,https://www.woolworths.co.za/prod/Food/Meat-Poultry-Fish/Poultry/Kebabs-Espetadas/6-Sweet-Chilli-Marinated-Chicken-Kebabs-650-g/_/A-20106485?isFromPLP=true,2023-05-29,Meat_poultry_fish
192,https://www.woolworths.co.za/prod/Food/Meat-Poultry-Fish/Braai/Kebabs-Espetades/6-BBQ-Beef-Onion-Rump-Beef-Kebabs-650-g/_/A-6009182250214?isFromPLP=true,2023-05-29,Meat_poultry_fish
193,https://www.woolworths.co.za/prod/Food/Promotions/Buy-2-Or-More-And-Save/Buy-any-2-Save-20-/Frikkadels/Free-Range-Chicken-Frikkadels-600-g/_/A-6009189625114?isFromPLP=true,2023-05-29,Meat_poultry_fish
194,https://www.woolworths.co.za/prod/Food/Meat-Poultry-Fish/Fish-Shellfish/Crumbed/Crumbed-Hake-Goujons-500-g/_/A-6009195434564?isFromPLP=true,2023-05-29,Meat_poultry_fish
195,https://www.woolworths.co.za/prod/Food/Promotions/Buy-2-Or-More-And-Save/Buy-any-2-save-R30/Lightly-Smoked-Trout-And-Lightly-Smoked-Salmon-250g/Lightly-Smoked-Norwegian-Salmon-250-g/_/A-6009204206496?isFromPLP=true,2023-05-29,Meat_poultry_fish
196,https://www.woolworths.co.za/prod/Food/Meat-Poultry-Fish/Beef/Cuts/Free-Range-Beef-Cubes-Avg-500-g/_/A-2033650000005?isFromPLP=true,2023-05-29,Meat_poultry_fish
197,https://www.woolworths.co.za/prod/Food/Meat-Poultry-Fish/Fish-Shellfish/Whole-Fish-Portions/Rainbow-Trout-Portions-500-g/_/A-6009207399591?isFromPLP=true,2023-05-29,Meat_poultry_fish
198,https://www.woolworths.co.za/prod/Food/Meat-Poultry-Fish/Fish-Shellfish/Whole-Fish-Portions/Lemon-Garlic-Whole-Stuffed-Trout-Avg-900-g/_/A-2572630000005?isFromPLP=true,2023-05-29,Meat_poultry_fish
199,https://www.woolworths.co.za/prod/Food/Meat-Poultry-Fish/Pork/Chops-Other/Pork-Lean-Mince-500-g/_/A-6005000537352?isFromPLP=true,2023-05-29,Meat_poultry_fish
200,https://www.woolworths.co.za/prod/Food/Meat-Poultry-Fish/Beef/Steaks/Matured-Thick-Cut-T-Bone-Steak-Avg-600-g/_/A-2566180000004?isFromPLP=true,2023-05-29,Meat_poultry_fish
201,https://www.woolworths.co.za/prod/Food/Meat-Poultry-Fish/Fish-Shellfish/Crumbed/Melting-Middle-Crumbed-Hake-Creamy-Mozzarella-Fishcakes-280-g/_/A-6008000837934?isFromPLP=true,2023-05-29,Meat_poultry_fish
202,https://www.woolworths.co.za/prod/Food/Meat-Poultry-Fish/Lamb/Cuts-Other/Free-Range-Lamb-Neck-Avg-550-g/_/A-2005800000005?isFromPLP=true,2023-05-29,Meat_poultry_fish
203,https://www.woolworths.co.za/prod/Food/Meat-Poultry-Fish/Poultry/Crumbed/Crumbed-Chicken-Steaklets-450-g/_/A-6001009023711?isFromPLP=true,2023-05-29,Meat_poultry_fish
204,https://www.woolworths.co.za/prod/Food/Meat-Poultry-Fish/Braai/Free-Range-Tikka-Marinated-Chicken-Breast-Fillets-500-g/_/A-6009214470337?isFromPLP=true,2023-05-29,Meat_poultry_fish
205,https://www.woolworths.co.za/prod/Food/Meat-Poultry-Fish/Pork/Roasts/Pulled-Pork-Shoulder-500-g/_/A-6009195623982?isFromPLP=true,2023-05-29,Meat_poultry_fish
206,https://www.woolworths.co.za/prod/Food/Meat-Poultry-Fish/Beef/Steaks/Halaal-Tenderised-Beef-Steak-Avg-750-g/_/A-2011510000006?isFromPLP=true,2023-05-29,Meat_poultry_fish
207,https://www.woolworths.co.za/prod/Food/Promotions/Buy-2-Or-More-And-Save/Buy-any-2-save-25-/Biltong-Strip-5x25g/Original-Free-Range-Beef-Dro-wors-Nibbles-5-x-25-g/_/A-6009204182462?isFromPLP=true,2023-05-29,Meat_poultry_fish
208,https://www.woolworths.co.za/prod/Food/Promotions/Buy-2-Or-More-And-Save/Buy-any-2-save-25-/Biltong-Strip-5x25g/Original-Free-Range-Sliced-Beef-Biltong-5-x-25-g/_/A-6009204182479?isFromPLP=true,2023-05-29,Meat_poultry_fish
209,https://www.woolworths.co.za/prod/Food/Promotions/Buy-2-Or-More-And-Save/Save-R10/Fish-Cakes/Crumbed-Trout-Fish-Cakes-600-g/_/A-6009214110523?isFromPLP=true,2023-05-29,Meat_poultry_fish
210,https://www.woolworths.co.za/prod/Food/Meat-Poultry-Fish/Mince-Meatballs/Beef-Lamb-Frikkadels-600-g/_/A-6009207125831?isFromPLP=true,2023-05-29,Meat_poultry_fish
211,https://www.woolworths.co.za/prod/Food/Meat-Poultry-Fish/Angus-Venison-Duck-Ostrich/Ostrich-Steaks-500-g/_/A-20161385?isFromPLP=true,2023-05-29,Meat_poultry_fish
212,https://www.woolworths.co.za/prod/Food/Meat-Poultry-Fish/Pork/Roasts/Slow-Cooked-Pork-Belly-Avg-1-kg/_/A-2565440000006?isFromPLP=true,2023-05-29,Meat_poultry_fish
213,https://www.woolworths.co.za/prod/Food/Meat-Poultry-Fish/Mince-Meatballs/Lean-Angus-Beef-Mince-500-g/_/A-6009214470139?isFromPLP=true,2023-05-29,Meat_poultry_fish
214,https://www.woolworths.co.za/prod/Food/Meat-Poultry-Fish/Ostrich-Fillets-500-g/_/A-20161378?isFromPLP=true,2023-05-29,Meat_poultry_fish
215,https://www.woolworths.co.za/prod/Food/Meat-Poultry-Fish/Lamb/Cuts-Other/Free-Range-Salt-Black-Pepper-Lamb-Tails-Avg-600-g/_/A-2572230000009?isFromPLP=true,2023-05-29,Meat_poultry_fish
216,https://www.woolworths.co.za/prod/Food/Meat-Poultry-Fish/Lamb/Cuts-Other/Free-Range-Lamb-Skilpadjies-Avg-510-g/_/A-2572390000000?isFromPLP=true,2023-05-29,Meat_poultry_fish
217,https://www.woolworths.co.za/prod/Food/Meat-Poultry-Fish/Fish-Shellfish/Whole-Fish-Portions/Rainbow-Trout-Portions-750-g/_/A-6009195772840?isFromPLP=true,2023-05-29,Meat_poultry_fish
218,https://www.woolworths.co.za/prod/Food/Frozen-Food/Fish-Seafood/Frozen-Crispy-Tempura-Battered-Hake-Burgers-600-g/_/A-6009189725050?isFromPLP=true,2023-05-29,Meat_poultry_fish
219,https://www.woolworths.co.za/prod/Food/Meat-Poultry-Fish/Burgers/Thin-Free-Range-Beef-Burgers-750-g/_/A-20099176?isFromPLP=true,2023-05-29,Meat_poultry_fish
220,https://www.woolworths.co.za/prod/Food/Meat-Poultry-Fish/Pork/Chops-Other/Pork-Rashers-Avg-400-g/_/A-2089410000006?isFromPLP=true,2023-05-29,Meat_poultry_fish
221,https://www.woolworths.co.za/prod/Food/Pantry/Herbs-Spices/Rubs/Lamb-Rub-65-g/_/A-6009207762074?isFromPLP=true,2023-05-29,Meat_poultry_fish
222,https://www.woolworths.co.za/prod/Food/Pantry/Herbs-Spices/Rubs/Chicken-Rub-75-g/_/A-6009207762050?isFromPLP=true,2023-05-29,Meat_poultry_fish
223,https://www.woolworths.co.za/prod/Food/Meat-Poultry-Fish/Easy-Roasts-Meals/Beef/Slow-Cooked-Beef-Short-Ribs-Avg-1-kg/_/A-2561840000004?isFromPLP=true,2023-05-29,Meat_poultry_fish
224,https://www.woolworths.co.za/prod/Food/Meat-Poultry-Fish/Halaal-Fresh-Meat/Halaal-Beef-Wood-Smoked-Rashers-200-g/_/A-6009214799421?isFromPLP=true,2023-05-29,Meat_poultry_fish
225,https://www.woolworths.co.za/prod/Food/Promotions/Buy-2-Or-More-And-Save/Save-R25/Crumbled-Schnitzels/Crumbed-Turkey-Schnitzels-Avg-750-g/_/A-2571500000008?isFromPLP=true,2023-05-29,Meat_poultry_fish
226,https://www.woolworths.co.za/prod/Food/Meat-Poultry-Fish/Lamb/Cuts-Other/Free-Range-Lamb-Kidneys-Avg-450-g/_/A-2572500000005?isFromPLP=true,2023-05-29,Meat_poultry_fish
227,https://www.woolworths.co.za/prod/Food/Promotions/Buy-2-Or-More-And-Save/Buy-any-2-Save-20-/Sausages-And-Bangers/Free-Range-Spinach-Feta-Chicken-Sausage-400-g/_/A-6009101178643?isFromPLP=true,2023-05-29,Meat_poultry_fish
228,https://www.woolworths.co.za/prod/Food/Pantry/Herbs-Spices/Rubs/Steak-Rub-80-g/_/A-6009171929725?isFromPLP=true,2023-05-29,Meat_poultry_fish
229,https://www.woolworths.co.za/prod/Food/Meat-Poultry-Fish/Mince-Meatballs/Halaal-Lean-Beef-Mince-500-g/_/A-6001009032447?isFromPLP=true,2023-05-29,Meat_poultry_fish
230,https://www.woolworths.co.za/prod/Food/Easter-Shop/Easter-Feast/Easter-Lunch/Easy-to-Cook-Roasts/Slow-Cooked-Coconut-Lamb-Curry-Avg-1-3-kg/_/A-2565430000009?isFromPLP=true,2023-05-29,Meat_poultry_fish
231,https://www.woolworths.co.za/prod/Food/Eid-Shop/Eid-Feast/Eid-Lunch/Easy-to-Cook-Roast/Slow-Cooked-Lamb-Shanks-Avg-1-4-kg/_/A-2083150000005?isFromPLP=true,2023-05-29,Meat_poultry_fish
232,https://www.woolworths.co.za/prod/Food/Braai-Shop/Braai-Essentials/Braai-Marinades-Spices/Sweet-Sticky-Braai-Marinade-750-ml/_/A-6001009005830?isFromPLP=true,2023-05-29,Meat_poultry_fish
233,https://www.woolworths.co.za/prod/Food/Pantry/Condiments-Sauces-Pastes/Marinades-Braai-Sauces/Smokey-BBQ-Braai-Marinade-750-ml/_/A-20165888?isFromPLP=true,2023-05-29,Meat_poultry_fish
234,https://www.woolworths.co.za/prod/Food/Meat-Poultry-Fish/Poultry/Chicken-Portions-Other/Free-Range-Chicken-Drumsticks-Avg-1-7-kg/_/A-2099650000001?isFromPLP=true,2023-05-29,Meat_poultry_fish
235,https://www.woolworths.co.za/prod/Food/Meat-Poultry-Fish/Mince-Meatballs/Sosatie-Beef-Frikkadels-600-g/_/A-6009207125848?isFromPLP=true,2023-05-29,Meat_poultry_fish
236,https://www.woolworths.co.za/prod/Food/Promotions/Buy-2-Or-More-And-Save/Save-R20/Hake-Schnitzel/Crumbed-Hake-Schnitzels-Avg-500-g/_/A-2573060000009?isFromPLP=true,2023-05-29,Meat_poultry_fish
237,https://www.woolworths.co.za/prod/Food/Meat-Poultry-Fish/Beef/Steaks/Halaal-Seasoned-Beef-Rump-Steaks-Avg-300-g/_/A-2082870000005?isFromPLP=true,2023-05-29,Meat_poultry_fish
238,https://www.woolworths.co.za/prod/Food/Meat-Poultry-Fish/Boerewors-Sausages/Sosatie-Lamb-Sausage-500-g/_/A-6009000818855?isFromPLP=true,2023-05-29,Meat_poultry_fish
239,https://www.woolworths.co.za/prod/Food/Meat-Poultry-Fish/Fish-Shellfish/Crumbed/Calamari-Goujons-250-g/_/A-6001009014894?isFromPLP=true,2023-05-29,Meat_poultry_fish
240,https://www.woolworths.co.za/prod/Food/Pantry/Snacks-Chips-Nuts/Biltong-Droewors/Free-Range-Chilli-Beef-Biltong-Snapsticks-150-g/_/A-6009195969653?isFromPLP=true,2023-05-29,Meat_poultry_fish
241,https://www.woolworths.co.za/prod/Food/Meat-Poultry-Fish/Ostrich-Fillets-Avg-500-g/_/A-2565480000004?isFromPLP=true,2023-05-29,Meat_poultry_fish
242,https://www.woolworths.co.za/prod/Online-Feature/Featured-for-Content/Recipes/Spinach-avo-and-basil-dip/Cajun-Seasoning-130-g/_/A-6009175383516?isFromPLP=true,2023-05-29,Meat_poultry_fish
243,https://www.woolworths.co.za/prod/Food/Pantry/Snacks-Chips-Nuts/Biltong-Droewors/Original-Free-Range-Venison-Dro-wors-150-g/_/A-6009184172330?isFromPLP=true,2023-05-29,Meat_poultry_fish
244,https://www.woolworths.co.za/prod/Food/Meat-Poultry-Fish/Beef/Steaks/Matured-Thick-Cut-Bone-In-Sirloin-Steak-Avg-600-g/_/A-2566170000007?isFromPLP=true,2023-05-29,Meat_poultry_fish
245,https://www.woolworths.co.za/prod/Food/Meat-Poultry-Fish/Whole-Ostrich-Fillet-Avg-450-g/_/A-2083010000008?isFromPLP=true,2023-05-29,Meat_poultry_fish
246,https://www.woolworths.co.za/prod/Food/Meat-Poultry-Fish/Biltong-Droewors/Original-Sliced-Beef-Biltong-150-g/_/A-20000851?isFromPLP=true,2023-05-29,Meat_poultry_fish
247,https://www.woolworths.co.za/prod/Food/Meat-Poultry-Fish/Fish-Shellfish/Crumbed/Crumbed-Hake-Steaklets-450-g/_/A-20194604?isFromPLP=true,2023-05-29,Meat_poultry_fish
248,https://www.woolworths.co.za/prod/Food/Meat-Poultry-Fish/Burgers/Medium-Fat-Smoked-Flavoured-Haloumi-Burgers-4-pk/_/A-6009211674912?isFromPLP=true,2023-05-29,Meat_poultry_fish
249,https://www.woolworths.co.za/prod/Food/Pantry/Snacks-Chips-Nuts/Biltong-Droewors/Free-Range-Duck-Crackling-Crispy-Skin-50-g/_/A-6009214772363?isFromPLP=true,2023-05-29,Meat_poultry_fish
250,https://www.woolworths.co.za/prod/Food/Promotions/Buy-2-Or-More-And-Save/Buy-any-2-Save-20-/Sausages-And-Bangers/Free-Range-Duck-Sausage-400-g/_/A-6009214954738?isFromPLP=true,2023-05-29,Meat_poultry_fish
251,https://www.woolworths.co.za/prod/Food/Pantry/Herbs-Spices/Rubs/Barbeque-Rub-75-g/_/A-6009207762067?isFromPLP=true,2023-05-29,Meat_poultry_fish
252,https://www.woolworths.co.za/prod/Food/Meat-Poultry-Fish/Beef/Steaks/Halaal-Matured-Thick-Cut-Beef-Sirloin-Steak-Avg-600-g/_/A-2060280000006?isFromPLP=true,2023-05-29,Meat_poultry_fish
253,https://www.woolworths.co.za/prod/Food/Meat-Poultry-Fish/Fresh-Gravy-Stock-Glazes/Fresh-Free-Range-Liquid-Chicken-Stock-500-ml/_/A-6009189566226?isFromPLP=true,2023-05-29,Meat_poultry_fish
254,https://www.woolworths.co.za/prod/Food/Pantry/Snacks-Chips-Nuts/Biltong-Droewors/Original-Free-Range-Beef-Biltong-Powder-80-g/_/A-6009204182448?isFromPLP=true,2023-05-29,Meat_poultry_fish
255,https://www.woolworths.co.za/prod/Food/Meat-Poultry-Fish/Beef/Cuts/Halaal-Free-Range-Stewing-Beef-Avg-1-7-kg/_/A-2084400000004?isFromPLP=true,2023-05-29,Meat_poultry_fish
256,https://www.woolworths.co.za/prod/Food/Meat-Poultry-Fish/Pork/Chops-Other/Back-Wood-Smoked-Bacon-500-g/_/A-6009178802120?isFromPLP=true,2023-05-29,Meat_poultry_fish
257,https://www.woolworths.co.za/prod/Food/Meat-Poultry-Fish/Beef/Roasts/Matured-Picanha-Beef-Rump-Avg-1-3-kg/_/A-2563440000002?isFromPLP=true,2023-05-29,Meat_poultry_fish
258,https://www.woolworths.co.za/prod/Food/Meat-Poultry-Fish/Boerewors-Sausages/Angus-Beef-Traditional-Boerewors-Avg-500-g/_/A-2573030000008?isFromPLP=true,2023-05-29,Meat_poultry_fish
259,https://www.woolworths.co.za/prod/Food/Meat-Poultry-Fish/Beef/Steaks/Matured-Thick-Cut-Angus-Beef-Sirloin-Steak-Avg-600-g/_/A-2571020000007?isFromPLP=true,2023-05-29,Meat_poultry_fish
260,https://www.woolworths.co.za/prod/Food/Meat-Poultry-Fish/Fish-Shellfish/Crumbed/Crumbed-Snoek-Fish-Cakes-600-g/_/A-6009182307307?isFromPLP=true,2023-05-29,Meat_poultry_fish
261,https://www.woolworths.co.za/prod/Food/Pantry/Snacks-Chips-Nuts/Biltong-Droewors/Free-Range-Smoked-Sliced-Beef-Biltong-150-g/_/A-6009214470160?isFromPLP=true,2023-05-29,Meat_poultry_fish
262,https://www.woolworths.co.za/prod/Eid/Eid-Feast/Eid-Lunch/Imported-Wild-Caught-Alaskan-Soles-Avg-300-g/_/A-2098590000003?isFromPLP=true,2023-05-29,Meat_poultry_fish
263,https://www.woolworths.co.za/prod/Food/Pantry/Snacks-Chips-Nuts/Biltong-Droewors/Original-Easy-Tear-Beef-Biltong-150-g/_/A-20173609?isFromPLP=true,2023-05-29,Meat_poultry_fish
264,https://www.woolworths.co.za/prod/Food/Pantry/Snacks-Chips-Nuts/Biltong-Droewors/Free-Range-Smoked-Beef-Dro-wors-150-g/_/A-6009214470153?isFromPLP=true,2023-05-29,Meat_poultry_fish
265,https://www.woolworths.co.za/prod/Food/Meat-Poultry-Fish/Braai/Steak-Ribs-Burgers/BBQ-Beef-Ribs-Avg-1-kg/_/A-2570880000004?isFromPLP=true,2023-05-29,Meat_poultry_fish
266,https://www.woolworths.co.za/prod/Food/Meat-Poultry-Fish/Poultry/Burgers-Mince-Sausages/Free-Range-Chicken-Chipolatas-500-g/_/A-6009204681958?isFromPLP=true,2023-05-29,Meat_poultry_fish
267,https://www.woolworths.co.za/prod/Food/Food-Basket/WRewards-Green/Free-Range-Beef-Short-Rib-Avg-900-g/_/A-2093460000008?isFromPLP=true,2023-05-29,Meat_poultry_fish
268,https://www.woolworths.co.za/prod/Food/Meat-Poultry-Fish/Fish-Shellfish/Whole-Fish-Portions/Hake-Portions-300-g/_/A-6009214505367?isFromPLP=true,2023-05-29,Meat_poultry_fish
269,https://www.woolworths.co.za/prod/Food/Pantry/Snacks-Chips-Nuts/Biltong-Droewors/Original-Beef-Biltong-Crisps-100-g/_/A-6009195969646?isFromPLP=true,2023-05-29,Meat_poultry_fish
270,https://www.woolworths.co.za/prod/Food/Meat-Poultry-Fish/Poultry/Duck-Turkey/Free-Range-Duck-Fat-330-g/_/A-6009173548733?isFromPLP=true,2023-05-29,Meat_poultry_fish
271,https://www.woolworths.co.za/prod/Food/Frozen-Food/Beef-Lamb-Poultry-Pork/Frozen-Beef-Oxtail-750-g/_/A-6009000282366?isFromPLP=true,2023-05-29,Meat_poultry_fish
272,https://www.woolworths.co.za/prod/Online-Feature/Featured-for-Content/Recipes/The-Lazy-Makoti-s-jollof-rice/11-In-1-Spice-Mix-45-g/_/A-6009184138756?isFromPLP=true,2023-05-29,Meat_poultry_fish
273,https://www.woolworths.co.za/prod/Food/Meat-Poultry-Fish/Braai/Marinades-Spices-Rubs/Veg-and-Potato-Seasoning-165-g/_/A-6009207762012?isFromPLP=true,2023-05-29,Meat_poultry_fish
274,https://www.woolworths.co.za/prod/Food/Pantry/Herbs-Spices/Salt-Pepper/Chilli-Salt-60-g/_/A-6009175048194?isFromPLP=true,2023-05-29,Meat_poultry_fish
275,https://www.woolworths.co.za/prod/Food/Eid-Shop/Eid-Feast/Eid-Lunch/Easy-to-Cook-Roast/Halaal-Free-Range-Leg-of-Lamb-Avg-1-kg/_/A-2565790000008?isFromPLP=true,2023-05-29,Meat_poultry_fish
276,https://www.woolworths.co.za/prod/Food/Pantry/Herbs-Spices/Rubs/Seafood-Rub-75-g/_/A-6009171929749?isFromPLP=true,2023-05-29,Meat_poultry_fish
277,https://www.woolworths.co.za/prod/Food/Pantry/Snacks-Chips-Nuts/Biltong-Droewors/Original-Beef-Dro-wors-Nibbles-400-g/_/A-6009189932359?isFromPLP=true,2023-05-29,Meat_poultry_fish
278,https://www.woolworths.co.za/prod/Food/Pantry/Snacks-Chips-Nuts/Biltong-Droewors/Free-Range-Chilli-Beef-Sliced-Biltong-150-g/_/A-6009207681849?isFromPLP=true,2023-05-29,Meat_poultry_fish
279,https://www.woolworths.co.za/prod/Online-Feature/Content/Summer-Braai/The-family-meetup/Steakhouse-Seasoning-145-g/_/A-6009207761978?isFromPLP=true,2023-05-29,Meat_poultry_fish
280,https://www.woolworths.co.za/prod/Food/Meat-Poultry-Fish/Beef/Cuts/Free-Range-Beef-Selection-Pack-Avg-1-2-kg/_/A-2093470000005?isFromPLP=true,2023-05-29,Meat_poultry_fish
281,https://www.woolworths.co.za/prod/Online-Feature/Content/Braai-Destination/Braai-Seasoning-135-g/_/A-6009207761985?isFromPLP=true,2023-05-29,Meat_poultry_fish
282,https://www.woolworths.co.za/prod/Food/Meat-Poultry-Fish/Poultry/Chicken-Portions-Other/Free-Range-Salsa-Marinated-Chicken-Breast-Fillets-500-g/_/A-6009207419145?isFromPLP=true,2023-05-29,Meat_poultry_fish
283,https://www.woolworths.co.za/prod/Online-Feature/Featured-for-Content/Recipes/Roast-three-bean-salad/Harissa-Blend-55-g/_/A-6009182309974?isFromPLP=true,2023-05-29,Meat_poultry_fish
284,https://www.woolworths.co.za/prod/Food/Pantry/International-Cuisine/Asian/Kikkoman-Teriyaki-Marinade-and-Sauce-250-ml/_/A-4901515331794?isFromPLP=true,2023-05-29,Meat_poultry_fish
285,https://www.woolworths.co.za/prod/Food/Pantry/Snacks-Chips-Nuts/Biltong-Droewors/Original-Free-Range-Venison-Dro-wors-Nibbles-150-g/_/A-6009211310124?isFromPLP=true,2023-05-29,Meat_poultry_fish
286,https://www.woolworths.co.za/prod/Food/Meat-Poultry-Fish/Lamb/Cuts-Other/Free-Range-Lamb-Liver-Avg-500-g/_/A-2570630000001?isFromPLP=true,2023-05-29,Meat_poultry_fish
287,https://www.woolworths.co.za/prod/Christmas/Promotions/25-Off-Any-2-Marinated-Braai-Items/Poultry-Seafood/4-Free-Range-Ginger-Lime-Duck-Kebabs-500-g/_/A-6009207341064?isFromPLP=true,2023-05-29,Meat_poultry_fish
288,https://www.woolworths.co.za/prod/Food/Meat-Poultry-Fish/Burgers/Thick-Angus-Beef-Burgers-8-pk/_/A-6009214094403?isFromPLP=true,2023-05-29,Meat_poultry_fish
289,https://www.woolworths.co.za/prod/Online-Feature/Featured-for-Content/Recipes/The-braai-life/Steak-and-Chops-Grind-220-g/_/A-6009175257428?isFromPLP=true,2023-05-29,Meat_poultry_fish
290,https://www.woolworths.co.za/prod/Food/Meat-Poultry-Fish/Beef/Steaks/Matured-Thick-Cut-Angus-Beef-Rib-Eye-Steak-Avg-600-g/_/A-2571000000003?isFromPLP=true,2023-05-29,Meat_poultry_fish
291,https://www.woolworths.co.za/prod/Food/Promotions/Buy-2-Or-More-And-Save/Buy-any-2-save-R40/Biltong/Original-Ostrich-Biltong-Snapsticks-150-g/_/A-20199630?isFromPLP=true,2023-05-29,Meat_poultry_fish
292,https://www.woolworths.co.za/prod/Food/Promotions/Buy-2-Or-More-And-Save/Buy-any-2-Save-20-/Corned-Beef-And-Tongue/Halaal-Corned-Beef-Avg-1-3-kg/_/A-2014320000006?isFromPLP=true,2023-05-29,Meat_poultry_fish
293,https://www.woolworths.co.za/prod/Food/Promotions/Buy-2-Or-More-And-Save/Buy-any-2-Save-20-/Corned-Beef-And-Tongue/Halaal-Beef-Tongue-Avg-1-2-kg/_/A-2014310000009?isFromPLP=true,2023-05-29,Meat_poultry_fish
294,https://www.woolworths.co.za/prod/Food/Pantry/Snacks-Chips-Nuts/Biltong-Droewors/Free-Range-Chilli-Beef-Dro-wors-150-g/_/A-6009214777009?isFromPLP=true,2023-05-29,Meat_poultry_fish
295,https://www.woolworths.co.za/prod/Food/Meat-Poultry-Fish/Beef/Offal-Others/Beef-Marrow-Bones-Avg-570-g/_/A-2029820000005?isFromPLP=true,2023-05-29,Meat_poultry_fish
296,https://www.woolworths.co.za/prod/Food/Meat-Poultry-Fish/Beef/Steaks/Half-Angus-Beef-Fillet-Avg-680-g/_/A-2571030000004?isFromPLP=true,2023-05-29,Meat_poultry_fish
297,https://www.woolworths.co.za/prod/Food/Frozen-Food/Freshly-Frozen-Yellowfin-Tuna-Portions-400-g/_/A-6001009028976?isFromPLP=true,2023-05-29,Meat_poultry_fish
298,https://www.woolworths.co.za/prod/Food/Meat-Poultry-Fish/Fish-Shellfish/Whole-Fish-Portions/Kingklip-Portions-500-g/_/A-6009182190633?isFromPLP=true,2023-05-29,Meat_poultry_fish
299,https://www.woolworths.co.za/prod/Food/Pantry/Snacks-Chips-Nuts/Biltong-Droewors/Original-Angus-Beef-Dro-wors-150-g/_/A-6009214423319?isFromPLP=true,2023-05-29,Meat_poultry_fish
300,https://www.woolworths.co.za/prod/Food/Meat-Poultry-Fish/Beef/Steaks/Matured-Thick-Cut-Angus-Beef-Rump-Steak-Avg-700-g/_/A-2571010000000?isFromPLP=true,2023-05-29,Meat_poultry_fish
301,https://www.woolworths.co.za/prod/Food/Meat-Poultry-Fish/Beef/Steaks/Halaal-Half-Beef-Fillet-Avg-700-g/_/A-2570740000007?isFromPLP=true,2023-05-29,Meat_poultry_fish
302,https://www.woolworths.co.za/prod/Food/Meat-Poultry-Fish/Beef/Steaks/Halaal-Matured-Thick-Cut-Beef-Rump-Steak-Avg-700-g/_/A-2570750000004?isFromPLP=true,2023-05-29,Meat_poultry_fish
303,https://www.woolworths.co.za/prod/Food/Meat-Poultry-Fish/Biltong-Droewors/Original-Beef-Dro-wors-Nibbles-150-g/_/A-6009207681825?isFromPLP=true,2023-05-29,Meat_poultry_fish
304,https://www.woolworths.co.za/prod/Food/Meat-Poultry-Fish/Easy-Roasts-Meals/Fish-Shellfish/Trout-Roast-Stuffed-with-Spinach-South-African-Feta-Avg-600-g/_/A-2092130000003?isFromPLP=true,2023-05-29,Meat_poultry_fish
305,https://www.woolworths.co.za/prod/Food/Meat-Poultry-Fish/Fish-Shellfish/Whole-Fish-Portions/Rainbow-Trout-Side-220-g/_/A-6009207928265?isFromPLP=true,2023-05-29,Meat_poultry_fish
306,https://www.woolworths.co.za/prod/Food/Pantry/Snacks-Chips-Nuts/Biltong-Droewors/Free-Range-Chilli-Chicken-Biltong-Sticks-150-g/_/A-6009207681832?isFromPLP=true,2023-05-29,Meat_poultry_fish
307,https://www.woolworths.co.za/prod/Online-Feature/Featured-for-Content/Recipes/Your-secret-braai-superpower/Lazy-Kettle-Hickory-Liquid-Smoke-147-ml/_/A-87586201236?isFromPLP=true,2023-05-29,Meat_poultry_fish
308,https://www.woolworths.co.za/prod/Food/Meat-Poultry-Fish/Braai/Marinades-Spices-Rubs/Barbeque-Roasting-Kit-30-g/_/A-6009175382984?isFromPLP=true,2023-05-29,Meat_poultry_fish
309,https://www.woolworths.co.za/prod/Food/Pantry/Snacks-Chips-Nuts/Biltong-Droewors/Original-Angus-Beef-Sliced-Biltong-150-g/_/A-6009214424576?isFromPLP=true,2023-05-29,Meat_poultry_fish
310,https://www.woolworths.co.za/prod/Food/Meat-Poultry-Fish/Braai/Marinades-Spices-Rubs/Clarks-Kitchen-Chipotle-Chilli-Sauce-375-ml/_/A-700083696991?isFromPLP=true,2023-05-29,Meat_poultry_fish
311,https://www.woolworths.co.za/prod/Food/Meat-Poultry-Fish/Fish-Shellfish/Whole-Fish-Portions/Fresh-Never-Frozen-Salmon-Portion-150-g/_/A-6009211171329?isFromPLP=true,2023-05-29,Meat_poultry_fish
312,https://www.woolworths.co.za/prod/Food/Meat-Poultry-Fish/Fresh-Gravy-Stock-Glazes/Fresh-Free-Range-Chicken-Gravy-250-ml/_/A-6009189566233?isFromPLP=true,2023-05-29,Meat_poultry_fish
313,https://www.woolworths.co.za/prod/Online-Feature/Featured-for-Content/Recipes/Raise-you-flavour-game/Za-atar-Blend-45-g/_/A-6009182309998?isFromPLP=true,2023-05-29,Meat_poultry_fish
314,https://www.woolworths.co.za/prod/Food/Promotions/Buy-2-Or-More-And-Save/Buy-any-2-Save-20-/Hake/Bulk-Hake-Fillets-Avg-1-kg/_/A-2090300000006?isFromPLP=true,2023-05-29,Meat_poultry_fish
315,https://www.woolworths.co.za/prod/Food/Meat-Poultry-Fish/Angus-Venison-Duck-Ostrich/Ostrich-Steaks-Avg-500-g/_/A-2565460000000?isFromPLP=true,2023-05-29,Meat_poultry_fish
316,https://www.woolworths.co.za/prod/Food/Meat-Poultry-Fish/Braai/Marinades-Spices-Rubs/Flavour-Max-Seasoning-170-g/_/A-6009189540790?isFromPLP=true,2023-05-29,Meat_poultry_fish
317,https://www.woolworths.co.za/prod/Online-Feature/Content/Hot-dogs-with-all-the-toppings/Chimichurri-Blend-45-g/_/A-6009182309929?isFromPLP=true,2023-05-29,Meat_poultry_fish
318,https://www.woolworths.co.za/prod/Food/Pantry/Herbs-Spices/Salt-Pepper/Hawaiian-Black-Salt-125-g/_/A-6009207761909?isFromPLP=true,2023-05-29,Meat_poultry_fish
319,https://www.woolworths.co.za/prod/Food/Meat-Poultry-Fish/Fish-Shellfish/Shellfish/Blanched-Prawns-with-Garlic-Butter-450-g/_/A-6009204079076?isFromPLP=true,2023-05-29,Meat_poultry_fish
320,https://www.woolworths.co.za/prod/Food/Pantry/Snacks-Chips-Nuts/Biltong-Droewors/Original-Free-Range-Sliced-Venison-Biltong-150-g/_/A-6009184172354?isFromPLP=true,2023-05-29,Meat_poultry_fish
321,https://www.woolworths.co.za/prod/Food/Pantry/Herbs-Spices/Salt-Pepper/Blue-Salt-130-g/_/A-6009207761916?isFromPLP=true,2023-05-29,Meat_poultry_fish
322,https://www.woolworths.co.za/prod/Food/Meat-Poultry-Fish/Braai/Marinades-Spices-Rubs/Peri-Peri-Blend-50-g/_/A-6009182310970?isFromPLP=true,2023-05-29,Meat_poultry_fish
323,https://www.woolworths.co.za/prod/Food/Meat-Poultry-Fish/Pork/Chops-Other/Prego-Pork-Steaks-Avg-580-g/_/A-2573110000003?isFromPLP=true,2023-05-29,Meat_poultry_fish
324,https://www.woolworths.co.za/prod/Food/Meat-Poultry-Fish/Poultry/Chicken-Portions-Other/Chicken-Drumsticks-Avg-800-g/_/A-2084890000003?isFromPLP=true,2023-05-29,Meat_poultry_fish
325,https://www.woolworths.co.za/prod/Food/Meat-Poultry-Fish/Fresh-Free-Range-Liquid-Beef-Stock-500-ml/_/A-6009195814557?isFromPLP=true,2023-05-29,Meat_poultry_fish
326,https://www.woolworths.co.za/prod/Food/Meat-Poultry-Fish/Beef/Beef-Shin-Avg-600-g/_/A-2029830000002?isFromPLP=true,2023-05-29,Meat_poultry_fish
327,https://www.woolworths.co.za/prod/Food/Meat-Poultry-Fish/Lamb/Cuts-Other/Free-Range-Lamb-Pack-Avg-2-6-kg/_/A-2068820000004?isFromPLP=true,2023-05-29,Meat_poultry_fish
328,https://www.woolworths.co.za/prod/Food/Meat-Poultry-Fish/Beef/Angus-Beef-Chuck-Eye-Steak-Avg-400-g/_/A-2575650000000?isFromPLP=true,2023-05-29,Meat_poultry_fish
329,https://www.woolworths.co.za/prod/Food/Meat-Poultry-Fish/Easy-Roasts-Meals/Chicken-Other-Poultry/Free-Range-Confit-Duck-Breasts-Avg-700-g/_/A-2575380000004?isFromPLP=true,2023-05-29,Meat_poultry_fish
330,https://www.woolworths.co.za/prod/Food/Meat-Poultry-Fish/Beef/Beef-Stock-Bones-Avg-1-kg/_/A-2579510000001?isFromPLP=true,2023-05-29,Meat_poultry_fish
331,https://www.woolworths.co.za/prod/Food/Frozen-Food/Frozen-Easy-to-Cook-Lamb-Shanks-Avg-1-5-kg/_/A-2576850000005?isFromPLP=true,2023-05-29,Meat_poultry_fish
332,https://www.woolworths.co.za/prod/Food/Pantry/Snacks-Chips-Nuts/Biltong-Droewors/Free-Range-Chicken-Crackling-Crispy-Skin-50-g/_/A-6009214775838?isFromPLP=true,2023-05-29,Meat_poultry_fish
333,https://www.woolworths.co.za/prod/Food/Meat-Poultry-Fish/Crumbed-Meat-Poultry-Fish/Stuffed-Crumbed-Free-Range-Chicken-Melts-Avg-700-g/_/A-2575400000007?isFromPLP=true,2023-05-29,Meat_poultry_fish
334,https://www.woolworths.co.za/prod/Food/Meat-Poultry-Fish/Poultry/Free-Range-Shisanyama-Style-Chicken-Espetada-Avg-750-g/_/A-2578170000000?isFromPLP=true,2023-05-29,Meat_poultry_fish
335,https://www.woolworths.co.za/prod/Food/Promotions/Buy-2-Or-More-And-Save/Buy-any-2-Save-20-/Crumbed-Chicken-Range/Crumbed-Spicy-Crunch-Chicken-Breast-Fillets-Avg-760-g/_/A-2574630000009?isFromPLP=true,2023-05-29,Meat_poultry_fish
336,https://www.woolworths.co.za/prod/Food/Promotions/Buy-2-Or-More-And-Save/Buy-any-2-Save-20-/Easy-To-Cook-Range/Slow-Cooked-Beef-Chakalaka-Bredie-Avg-1-kg/_/A-2579260000009?isFromPLP=true,2023-05-29,Meat_poultry_fish
337,https://www.woolworths.co.za/prod/Food/Pantry/Snacks-Chips-Nuts/Biltong-Droewors/Original-Angus-Beef-Dro-wors-Nibbles-400-g/_/A-6009217866175?isFromPLP=true,2023-05-29,Meat_poultry_fish
338,https://www.woolworths.co.za/prod/Online-Feature/Content/Summer-Entertaining/Beyond-Sausage-Plant-Based-Sausage-2-x-100-g/_/A-1230000068123?isFromPLP=true,2023-05-29,Meat_poultry_fish
339,https://www.woolworths.co.za/prod/Food/Meat-Poultry-Fish/Poultry/Burgers-Mince-Sausages/Sun-Dried-Tomato-Free-Range-Chicken-Burgers-800-g/_/A-6009223157045?isFromPLP=true,2023-05-29,Meat_poultry_fish
340,https://www.woolworths.co.za/prod/Food/Meat-Poultry-Fish/Angus-Venison-Duck-Ostrich/Free-Range-Venison-Steak-Avg-500-g/_/A-2573500000002?isFromPLP=true,2023-05-29,Meat_poultry_fish
341,https://www.woolworths.co.za/prod/Food/Frozen-Food/2-Frozen-Free-Range-Sundried-Tomato-Chicken-Espetadas-Avg-800-g/_/A-2576170000006?isFromPLP=true,2023-05-29,Meat_poultry_fish
342,https://www.woolworths.co.za/prod/Food/Meat-Poultry-Fish/Ostrich-Liver-Avg-500-g/_/A-2577900000006?isFromPLP=true,2023-05-29,Meat_poultry_fish
343,https://www.woolworths.co.za/prod/Food/Meat-Poultry-Fish/Pork/Frozen-Beech-Smoked-Deboned-Medium-Gammon-Avg-800-g/_/A-2576570000002?isFromPLP=true,2023-05-29,Meat_poultry_fish
344,https://www.woolworths.co.za/prod/Food/Eid-Shop/Eid-Feast/Eid-Lunch/Easy-to-Cook-Roast/Halaal-Free-Range-Lamb-Pack-Avg-2-7-kg/_/A-2570680000006?isFromPLP=true,2023-05-29,Meat_poultry_fish
345,https://www.woolworths.co.za/prod/Food/Meat-Poultry-Fish/Biltong-Droewors/Original-Angus-Beef-Dro-wors-35-g/_/A-6009223162247?isFromPLP=true,2023-05-29,Meat_poultry_fish
346,https://www.woolworths.co.za/prod/Food/Eid-Shop/Eid-Feast/Eid-Lunch/Easy-to-Cook-Roast/Shisanyama-Style-Spiced-Chicken-Portions-Avg-1-2-kg/_/A-2579060000001?isFromPLP=true,2023-05-29,Meat_poultry_fish
347,https://www.woolworths.co.za/prod/Food/Meat-Poultry-Fish/Biltong-Droewors/Original-Ostrich-Droewors-400-g/_/A-6007875287974?isFromPLP=true,2023-05-29,Meat_poultry_fish
348,https://www.woolworths.co.za/prod/Food/Meat-Poultry-Fish/Braai/Halaal-Dhania-Beef-Sausage-Avg-500-g/_/A-2577430000002?isFromPLP=true,2023-05-29,Meat_poultry_fish
349,https://www.woolworths.co.za/prod/Food/Meat-Poultry-Fish/Lamb/Cuts-Other/Halaal-Free-Range-Stewing-Lamb-Avg-750-g/_/A-2570660000002?isFromPLP=true,2023-05-29,Meat_poultry_fish
350,https://www.woolworths.co.za/prod/Food/Meat-Poultry-Fish/Braai/Halaal-Free-Range-Dhania-Lamb-Sausage-Avg-500-g/_/A-2577440000009?isFromPLP=true,2023-05-29,Meat_poultry_fish
351,https://www.woolworths.co.za/prod/Food/Meat-Poultry-Fish/Fish-Shellfish/Whole-Fish-Portions/Trout-Rashers-120-g/_/A-6009217704156?isFromPLP=true,2023-05-29,Meat_poultry_fish
352,https://www.woolworths.co.za/prod/Food/Pantry/Snacks-Chips-Nuts/Biltong-Droewors/Original-Free-Range-Venison-Droewors-Nibbles-400-g/_/A-6007875287806?isFromPLP=true,2023-05-29,Meat_poultry_fish
353,https://www.woolworths.co.za/prod/Food/Plant-Based-Shop/PlantLove-Scrambled-Tofu-200-g/_/A-6009226084522?isFromPLP=true,2023-05-29,Meat_poultry_fish
354,https://www.woolworths.co.za/prod/Food/Frozen-Food/Beef-Lamb-Poultry-Pork/Frozen-Lamb-Burgers-6-x-100-g/_/A-6009214673219?isFromPLP=true,2023-05-29,Meat_poultry_fish
355,https://www.woolworths.co.za/prod/Food/Pantry/Snacks-Chips-Nuts/Biltong-Droewors/Original-Angus-Beef-Snapsticks-400-g/_/A-6009217866205?isFromPLP=true,2023-05-29,Meat_poultry_fish
356,https://www.woolworths.co.za/prod/Food/Frozen-Food/Frozen-Beef-Ox-Liver-Avg-450-g/_/A-2576380000001?isFromPLP=true,2023-05-29,Meat_poultry_fish
357,https://www.woolworths.co.za/prod/Food/Easter-Shop/Easter-Feast/Pickled-Fish-Seafood/Angelfish-Goujons-500-g/_/A-6009226331817?isFromPLP=true,2023-05-29,Meat_poultry_fish
358,https://www.woolworths.co.za/prod/Food/Meat-Poultry-Fish/Lamb/Halaal-Free-Range-Lamb-Chops-Avg-1-kg/_/A-2571930000005?isFromPLP=true,2023-05-29,Meat_poultry_fish
359,https://www.woolworths.co.za/prod/Food/Meat-Poultry-Fish/Poultry/Marinated-Braai/Jalape-o-Atchar-Free-Range-Deboned-Chicken-Avg-980-g/_/A-2575830000004?isFromPLP=true,2023-05-29,Meat_poultry_fish
360,https://www.woolworths.co.za/prod/Food/Meat-Poultry-Fish/Braai/Free-Range-Spicy-BBQ-Beef-Burgers-8-pk/_/A-6007875744606?isFromPLP=true,2023-05-29,Meat_poultry_fish
361,https://www.woolworths.co.za/prod/Food/Meat-Poultry-Fish/Beef/Steaks/Free-Range-Shisanyama-Style-Chuck-Steaks-Avg-1-2-kg/_/A-2574220000006?isFromPLP=true,2023-05-29,Meat_poultry_fish
362,https://www.woolworths.co.za/prod/Food/Promotions/Buy-2-Or-More-And-Save/Buy-any-2-Save-20-/Frikkadels/Chicken-Frikkadels-with-Mature-Cheddar-12-pk/_/A-6009217577552?isFromPLP=true,2023-05-29,Meat_poultry_fish
363,https://www.woolworths.co.za/prod/Food/Meat-Poultry-Fish/Pork/Chops-Other/Bulk-Pork-Rib-Eye-Steaks-Avg-1-1-kg/_/A-2575920000006?isFromPLP=true,2023-05-29,Meat_poultry_fish
364,https://www.woolworths.co.za/prod/Food/Meat-Poultry-Fish/Boerewors-Sausages/Pork-Sizzlers-450-g/_/A-6009217484898?isFromPLP=true,2023-05-29,Meat_poultry_fish
365,https://www.woolworths.co.za/prod/Food/Meat-Poultry-Fish/Biltong-Droewors/Original-Angus-Sliced-Beef-Biltong-400-g/_/A-6009214424446?isFromPLP=true,2023-05-29,Meat_poultry_fish
366,https://www.woolworths.co.za/prod/Food/Meat-Poultry-Fish/Boerewors-Sausages/Pork-Boerewors-Avg-1-2-kg/_/A-2576260000008?isFromPLP=true,2023-05-29,Meat_poultry_fish
367,https://www.woolworths.co.za/prod/Food/Meat-Poultry-Fish/Angus-Venison-Duck-Ostrich/Wagyu-Beef-Mince-500-g/_/A-6009223531906?isFromPLP=true,2023-05-29,Meat_poultry_fish
368,https://www.woolworths.co.za/prod/Food/Meat-Poultry-Fish/Boerewors-Sausages/Free-Range-Venison-Sausage-Avg-400-g/_/A-2573480000009?isFromPLP=true,2023-05-29,Meat_poultry_fish
369,https://www.woolworths.co.za/prod/Food/Frozen-Food/Frozen-Whole-Chicken-Avg-1-5-kg/_/A-2576440000002?isFromPLP=true,2023-05-29,Meat_poultry_fish
370,https://www.woolworths.co.za/prod/Food/Meat-Poultry-Fish/Biltong-Droewors/Original-Free-Range-Sliced-Venison-Biltong-150-g/_/A-6009211606074?isFromPLP=true,2023-05-29,Meat_poultry_fish
371,https://www.woolworths.co.za/prod/Food/Meat-Poultry-Fish/Beef/Thinly-Sliced-Beef-Short-Rib-with-Shisanyama-Seasoning-Avg-600-g/_/A-2578340000007?isFromPLP=true,2023-05-29,Meat_poultry_fish
372,https://www.woolworths.co.za/prod/Food/Ready-Meals/Plant-Based-Ready-Meals/Frozen-PlantLove-Crumbed-Savoury-Soya-Portions-400-g/_/A-6009217300471?isFromPLP=true,2023-05-29,Meat_poultry_fish
373,https://www.woolworths.co.za/prod/Food/Meat-Poultry-Fish/Boerewors-Sausages/Farmstyle-Wors-Avg-600-g/_/A-2578700000005?isFromPLP=true,2023-05-29,Meat_poultry_fish
374,https://www.woolworths.co.za/prod/Food/Meat-Poultry-Fish/Mince-Meatballs/12-Angus-Beef-Frikkadels-600-g/_/A-6007875539387?isFromPLP=true,2023-05-29,Meat_poultry_fish
375,https://www.woolworths.co.za/prod/Food/Pantry/Snacks-Chips-Nuts/Biltong-Droewors/Original-Ostrich-Biltong-Snapsticks-400-g/_/A-6007875287899?isFromPLP=true,2023-05-29,Meat_poultry_fish
376,https://www.woolworths.co.za/prod/Food/Frozen-Food/Plant-Based/Frozen-PlantLove-Crumbed-Savoury-Soya-Bites-300-g/_/A-6009217300495?isFromPLP=true,2023-05-29,Meat_poultry_fish
377,https://www.woolworths.co.za/prod/Food/Meat-Poultry-Fish/Braai/Free-Range-Shisanyama-Style-Lamb-Riblets-Avg-600-g/_/A-2578120000005?isFromPLP=true,2023-05-29,Meat_poultry_fish
378,https://www.woolworths.co.za/prod/Food/Meat-Poultry-Fish/Boerewors-Sausages/Free-Range-Beef-Boerewors-Portions-750-g/_/A-6009217632756?isFromPLP=true,2023-05-29,Meat_poultry_fish
379,https://www.woolworths.co.za/prod/Food/Meat-Poultry-Fish/Boerewors-Sausages/Pork-Chipolatas-500-g/_/A-6007875472547?isFromPLP=true,2023-05-29,Meat_poultry_fish
380,https://www.woolworths.co.za/prod/Food/Deli-Entertaining/Plant-Based/PlantLove-Crumbed-Savoury-Soya-Strips-200-g/_/A-6009223797036?isFromPLP=true,2023-05-29,Meat_poultry_fish
381,https://www.woolworths.co.za/prod/Food/Plant-Based-Shop/PlantLove-Paneer-350-g/_/A-6009226084508?isFromPLP=true,2023-05-29,Meat_poultry_fish
382,https://www.woolworths.co.za/prod/Food/Frozen-Food/Fish-Seafood/Frozen-Teriyake-Norwegian-Salmon-Steamer-500-g/_/A-6009223003632?isFromPLP=true,2023-05-29,Meat_poultry_fish
383,https://www.woolworths.co.za/prod/Food/Frozen-Food/Freshly-Frozen-Kingklip-Steaks-400-g/_/A-6007875362831?isFromPLP=true,2023-05-29,Meat_poultry_fish
384,https://www.woolworths.co.za/prod/Food/Meat-Poultry-Fish/Poultry/Marinated-Braai/Shisanyama-Style-Cocktail-Chicken-Wings-Avg-880-g/_/A-2575970000001?isFromPLP=true,2023-05-29,Meat_poultry_fish
385,https://www.woolworths.co.za/prod/Food/Plant-Based-Shop/Meat-Fish-Alternatives/Beyond-Meat-Plant-Based-Burger-2-pk/_/A-1230000068109?isFromPLP=true,2023-05-29,Meat_poultry_fish
386,https://www.woolworths.co.za/prod/Food/Frozen-Food/Frozen-Matured-Thick-Cut-Beef-Rump-Steak-Avg-700-g/_/A-2576590000006?isFromPLP=true,2023-05-29,Meat_poultry_fish
387,https://www.woolworths.co.za/prod/Food/Frozen-Food/Frozen-Portuguese-Peri-Peri-Butterflied-Chicken-Avg-1-5-kg/_/A-2576210000003?isFromPLP=true,2023-05-29,Meat_poultry_fish
388,https://www.woolworths.co.za/prod/Food/Plant-Based-Shop/PlantLove-Tempeh-220-g/_/A-6009226084492?isFromPLP=true,2023-05-29,Meat_poultry_fish
389,https://www.woolworths.co.za/prod/Food/Meat-Poultry-Fish/Angus-Venison-Duck-Ostrich/Traditional-Wagyu-Beef-Bangers-500-g/_/A-6009223532231?isFromPLP=true,2023-05-29,Meat_poultry_fish
390,https://www.woolworths.co.za/prod/Food/Meat-Poultry-Fish/Fish-Shellfish/Whole-Fish-Portions/Mauritian-Spotted-Bass-Portion-250-g/_/A-6009226226977?isFromPLP=true,2023-05-29,Meat_poultry_fish
391,https://www.woolworths.co.za/prod/Food/Frozen-Food/Frozen-Chicken-Schnitzels-Avg-800-g/_/A-2576480000000?isFromPLP=true,2023-05-29,Meat_poultry_fish
392,https://www.woolworths.co.za/prod/Food/Meat-Poultry-Fish/Crumbed-Meat-Poultry-Fish/Free-Range-Crumbed-Chicken-Breast-Fillets-Avg-570-g/_/A-2574680000004?isFromPLP=true,2023-05-29,Meat_poultry_fish
393,https://www.woolworths.co.za/prod/Food/Meat-Poultry-Fish/Braai/Classic-Beef-Boerewors-Avg-500-g/_/A-2577400000001?isFromPLP=true,2023-05-29,Meat_poultry_fish
394,https://www.woolworths.co.za/prod/Food/Meat-Poultry-Fish/Biltong-Droewors/Original-Free-Range-Venison-Droewors-Nibbles-35-g/_/A-6009217580415?isFromPLP=true,2023-05-29,Meat_poultry_fish
395,https://www.woolworths.co.za/prod/Food/Frozen-Food/Frozen-Matured-Thick-Cut-Beef-Sirloin-Steaks-Avg-300-g/_/A-2576390000008?isFromPLP=true,2023-05-29,Meat_poultry_fish
396,https://www.woolworths.co.za/prod/Food/Deli-Entertaining/Plant-Based/PlantLove-Crumbed-Soya-Ocean-Strips-200-g/_/A-6009223797074?isFromPLP=true,2023-05-29,Meat_poultry_fish
397,https://www.woolworths.co.za/prod/Food/Meat-Poultry-Fish/Braai/Free-Range-Lamb-Sizzlers-with-Beef-450-g/_/A-6007875585537?isFromPLP=true,2023-05-29,Meat_poultry_fish
398,https://www.woolworths.co.za/prod/Food/Pantry/Snacks-Chips-Nuts/Biltong-Droewors/Original-Sliced-Ostrich-Biltong-35-g/_/A-6009217223824?isFromPLP=true,2023-05-29,Meat_poultry_fish
399,https://www.woolworths.co.za/prod/Food/Meat-Poultry-Fish/Bacon-Other-Smoked/Made-Without-Added-Nitrites-Wood-Smoked-Streaky-Bacon-250-g/_/A-6007875704051?isFromPLP=true,2023-05-29,Meat_poultry_fish
400,https://www.woolworths.co.za/prod/Food/Meat-Poultry-Fish/Braai/Traditional-Beef-Sausage-500-g/_/A-6009226151286?isFromPLP=true,2023-05-29,Meat_poultry_fish
401,https://www.woolworths.co.za/prod/Food/Meat-Poultry-Fish/Burgers/Free-Range-Venison-Thick-Burger-Patties-800-g/_/A-6009217580422?isFromPLP=true,2023-05-29,Meat_poultry_fish
402,https://www.woolworths.co.za/prod/Food/Promotions/Buy-2-Or-More-And-Save/Buy-any-2-Save-20-/Easy-To-Cook-Range/Cheese-Jalape-o-Topped-Chicken-Breast-Fillets-800-g/_/A-6009226483943?isFromPLP=true,2023-05-29,Meat_poultry_fish
403,https://www.woolworths.co.za/prod/Food/Meat-Poultry-Fish/Braai/Steak-Ribs-Burgers/Spicy-BBQ-Glazed-Pork-Belly-Rashers-Avg-500-g/_/A-2572220000002?isFromPLP=true,2023-05-29,Meat_poultry_fish
404,https://www.woolworths.co.za/prod/Food/Meat-Poultry-Fish/Beef/Roasts/Halaal-Pepper-Crusted-Beef-Fillet-Avg-700-g/_/A-2574470000009?isFromPLP=true,2023-05-29,Meat_poultry_fish
405,https://www.woolworths.co.za/prod/Food/Meat-Poultry-Fish/Boerewors-Sausages/Beef-Sizzlers-450-g/_/A-6009217484881?isFromPLP=true,2023-05-29,Meat_poultry_fish
406,https://www.woolworths.co.za/prod/Food/Frozen-Food/Frozen-Wood-Smoked-Back-Bacon-250-g/_/A-6009223970354?isFromPLP=true,2023-05-29,Meat_poultry_fish
407,https://www.woolworths.co.za/prod/Food/Meat-Poultry-Fish/Poultry/Free-Range-Smoked-Paprika-Coriander-Chicken-Steaks-Avg-700-g/_/A-2578410000005?isFromPLP=true,2023-05-29,Meat_poultry_fish
408,https://www.woolworths.co.za/prod/Food/Meat-Poultry-Fish/Poultry/Panko-Crumbed-Chicken-Breast-Fillets-with-Teriyaki-Sauce-Avg-600-g/_/A-2577100000004?isFromPLP=true,2023-05-29,Meat_poultry_fish
409,https://www.woolworths.co.za/prod/Food/Promotions/Buy-2-Or-More-And-Save/Buy-any-2-Save-20-/Mince/Free-Range-Extra-Lean-Venison-Mince-500-g/_/A-6009217583010?isFromPLP=true,2023-05-29,Meat_poultry_fish
410,https://www.woolworths.co.za/prod/Food/Meat-Poultry-Fish/Burgers/Frozen-Crumbed-Vegetable-Rounds-540-g/_/A-6009223211006?isFromPLP=true,2023-05-29,Meat_poultry_fish
411,https://www.woolworths.co.za/prod/Food/Frozen-Food/Frozen-Bulk-Grabouw-Boerewors-Avg-1-1-kg/_/A-2576500000003?isFromPLP=true,2023-05-29,Meat_poultry_fish
412,https://www.woolworths.co.za/prod/Food/Meat-Poultry-Fish/Pork/Chops-Other/4-Seasoned-Pork-Cheek-Steaks-Avg-900-g/_/A-2576090000001?isFromPLP=true,2023-05-29,Meat_poultry_fish
413,https://www.woolworths.co.za/prod/Food/Meat-Poultry-Fish/Beef/Offal-Others/Angus-Beef-Lean-Mince-1-kg/_/A-6009214470146?isFromPLP=true,2023-05-29,Meat_poultry_fish
414,https://www.woolworths.co.za/prod/Food/Frozen-Food/12-Frozen-Chicken-Portions-Avg-1-5-kg/_/A-2576410000001?isFromPLP=true,2023-05-29,Meat_poultry_fish
415,https://www.woolworths.co.za/prod/Food/Meat-Poultry-Fish/Braai/Halaal-Traditional-Boerewors-Avg-500-g/_/A-2578840000002?isFromPLP=true,2023-05-29,Meat_poultry_fish
416,https://www.woolworths.co.za/prod/Food/Plant-Based-Shop/PlantLove-BBQ-Marinated-Tempeh-250-g/_/A-6009226084485?isFromPLP=true,2023-05-29,Meat_poultry_fish
417,https://www.woolworths.co.za/prod/Food/Frozen-Food/Frozen-Beech-Wood-Smoked-Kassler-Chops-Avg-800-g/_/A-2576560000005?isFromPLP=true,2023-05-29,Meat_poultry_fish
418,https://www.woolworths.co.za/prod/Food/Plant-Based-Shop/PlantLove-Smokey-Soya-Bits-180-g/_/A-6007875236590?isFromPLP=true,2023-05-29,Meat_poultry_fish
419,https://www.woolworths.co.za/prod/Food/Frozen-Food/6-Frozen-Lemon-Black-Pepper-Marinated-Chicken-Kebabs-650-g/_/A-6009223967354?isFromPLP=true,2023-05-29,Meat_poultry_fish
420,https://www.woolworths.co.za/prod/Food/Meat-Poultry-Fish/Halaal-Fresh-Meat/Halaal-BBQ-Onion-Rump-Beef-Kebabs-650-g/_/A-6009223936213?isFromPLP=true,2023-05-29,Meat_poultry_fish
421,https://www.woolworths.co.za/prod/Food/Meat-Poultry-Fish/Pork/Pork-Bones-Avg-800-g/_/A-2575930000003?isFromPLP=true,2023-05-29,Meat_poultry_fish
422,https://www.woolworths.co.za/prod/Food/Plant-Based-Shop/PlantLove-Minced-Savoury-Soya-Rounds-6-x-90-g/_/A-6007875234992?isFromPLP=true,2023-05-29,Meat_poultry_fish
423,https://www.woolworths.co.za/prod/Food/Meat-Poultry-Fish/Biltong-Droewors/Original-Sliced-Ostrich-Biltong-400-g/_/A-6007875287967?isFromPLP=true,2023-05-29,Meat_poultry_fish
424,https://www.woolworths.co.za/prod/Food/Frozen-Food/Frozen-Lean-Beef-Mince-1-kg/_/A-6009223797661?isFromPLP=true,2023-05-29,Meat_poultry_fish
425,https://www.woolworths.co.za/prod/Food/Meat-Poultry-Fish/Braai/Smokey-BBQ-Duck-Breast-Steaks-Avg-450-g/_/A-2574610000005?isFromPLP=true,2023-05-29,Meat_poultry_fish
426,https://www.woolworths.co.za/prod/Food/Meat-Poultry-Fish/Angus-Venison-Duck-Ostrich/Wagyu-Beef-Frikkadels-600-g/_/A-6009223531920?isFromPLP=true,2023-05-29,Meat_poultry_fish
427,https://www.woolworths.co.za/prod/Food/Meat-Poultry-Fish/Braai/Free-Range-Beef-Boerewors-Avg-500-g/_/A-2577410000008?isFromPLP=true,2023-05-29,Meat_poultry_fish
428,https://www.woolworths.co.za/prod/Food/Meat-Poultry-Fish/Boerewors-Sausages/Free-Range-Beef-Boerewors-Portions-1-kg/_/A-6009223800361?isFromPLP=true,2023-05-29,Meat_poultry_fish
429,https://www.woolworths.co.za/prod/Food/Meat-Poultry-Fish/Pork/Roasts/Easy-to-Cook-Deboned-Smoked-Pork-Shoulder-Roast-Avg-1-3-kg/_/A-2575950000007?isFromPLP=true,2023-05-29,Meat_poultry_fish
430,https://www.woolworths.co.za/prod/Food/Meat-Poultry-Fish/Bacon-Other-Smoked/Made-Without-Added-Nitrites-Wood-Smoked-Back-Bacon-250-g/_/A-6007875704044?isFromPLP=true,2023-05-29,Meat_poultry_fish
431,https://www.woolworths.co.za/prod/Food/Meat-Poultry-Fish/Biltong-Droewors/Original-Free-Range-Venison-Biltong-Snapsticks-35-g/_/A-6009217580385?isFromPLP=true,2023-05-29,Meat_poultry_fish
432,https://www.woolworths.co.za/prod/Food/Meat-Poultry-Fish/Poultry/Marinated-Braai/Shisanyama-Style-Free-Range-Chicken-Steaks-Avg-700-g/_/A-2575840000001?isFromPLP=true,2023-05-29,Meat_poultry_fish
433,https://www.woolworths.co.za/prod/Food/Meat-Poultry-Fish/Boerewors-Sausages/Bulk-Farmstyle-Wors-Avg-1-2-kg/_/A-2578740000003?isFromPLP=true,2023-05-29,Meat_poultry_fish
434,https://www.woolworths.co.za/prod/Food/Meat-Poultry-Fish/Poultry/Southern-Fried-Chicken-Portions-Avg-1-kg/_/A-2579240000005?isFromPLP=true,2023-05-29,Meat_poultry_fish
435,https://www.woolworths.co.za/prod/Food/Pantry/Snacks-Chips-Nuts/Biltong-Droewors/Original-Free-Range-Sliced-Venison-Biltong-400-g/_/A-6009217580361?isFromPLP=true,2023-05-29,Meat_poultry_fish
436,https://www.woolworths.co.za/prod/Food/Meat-Poultry-Fish/Beef/Angus-Beef-Oyster-Blade-Steak-Avg-400-g/_/A-2575640000003?isFromPLP=true,2023-05-29,Meat_poultry_fish
437,https://www.woolworths.co.za/prod/Food/Plant-Based-Shop/Meat-Fish-Alternatives/PlantLove-BBQ-Soya-Minute-Portions-200-g/_/A-6009226121227?isFromPLP=true,2023-05-29,Meat_poultry_fish
438,https://www.woolworths.co.za/prod/Food/Pantry/Snacks-Chips-Nuts/Biltong-Droewors/Original-Angus-Beef-Dro-wors-Nibbles-150-g/_/A-6009217866182?isFromPLP=true,2023-05-29,Meat_poultry_fish
439,https://www.woolworths.co.za/prod/Food/Pantry/Snacks-Chips-Nuts/Biltong-Droewors/Original-Angus-Beef-Biltong-Dro-wors-400-g/_/A-6009214425467?isFromPLP=true,2023-05-29,Meat_poultry_fish
440,https://www.woolworths.co.za/prod/Food/Meat-Poultry-Fish/Braai/Traditional-Boerewors-Avg-350-g/_/A-2577420000005?isFromPLP=true,2023-05-29,Meat_poultry_fish
441,https://www.woolworths.co.za/prod/Food/Plant-Based-Shop/PlantLove-Minced-Soya-Balls-240-g/_/A-6007875236552?isFromPLP=true,2023-05-29,Meat_poultry_fish
442,https://www.woolworths.co.za/prod/Easter/Promotions/Buy-Any-2-Save-25-on-Easy-To-Cook-Roasts/Poultry-Seafood/Free-Range-Chicken-Drumsticks-in-a-Coconut-Curry-1-2-kg/_/A-6009217536849?isFromPLP=true,2023-05-29,Meat_poultry_fish
443,https://www.woolworths.co.za/prod/Food/Meat-Poultry-Fish/Biltong-Droewors/Original-Free-Range-Venison-Biltong-Snapsticks-400-g/_/A-6009217580408?isFromPLP=true,2023-05-29,Meat_poultry_fish
444,https://www.woolworths.co.za/prod/Food/Pantry/Snacks-Chips-Nuts/Biltong-Droewors/Original-Angus-Beef-Sliced-Biltong-35-g/_/A-6009223162254?isFromPLP=true,2023-05-29,Meat_poultry_fish
445,https://www.woolworths.co.za/prod/Food/Food-Basket/Banners/Halaal-Shop/Meat-Poultry-Fish/Spicy-Crunch-Chicken-Winglets-Drummettes-Avg-500-g/_/A-2575080000007?isFromPLP=true,2023-05-29,Meat_poultry_fish
446,https://www.woolworths.co.za/prod/Food/Meat-Poultry-Fish/Beef/Bulk-Beef-Shin-Avg-1-1-kg/_/A-2579290000000?isFromPLP=true,2023-05-29,Meat_poultry_fish
447,https://www.woolworths.co.za/prod/Food/Meat-Poultry-Fish/Boerewors-Sausages/Free-Range-Lamb-Boerewors-Avg-500-g/_/A-2578640000004?isFromPLP=true,2023-05-29,Meat_poultry_fish
448,https://www.woolworths.co.za/prod/Food/Eid-Shop/Eid-Feast/Eid-Lunch/Easy-to-Cook-Roast/Whole-Chicken-with-a-Butter-Brine-Based-Blend-Avg-1-5-kg/_/A-2579070000008?isFromPLP=true,2023-05-29,Meat_poultry_fish
449,https://www.woolworths.co.za/prod/Food/Meat-Poultry-Fish/Bacon-Other-Smoked/Made-Without-Added-Nitrites-Wood-Smoked-Diced-Bacon-250-g/_/A-6007875704068?isFromPLP=true,2023-05-29,Meat_poultry_fish
450,https://www.woolworths.co.za/prod/Food/Meat-Poultry-Fish/Fish-Shellfish/Shellfish/Patagonian-Heads-Tubes-250-g/_/A-6009226395529?isFromPLP=true,2023-05-29,Meat_poultry_fish
451,https://www.woolworths.co.za/prod/Food/Meat-Poultry-Fish/Lamb/Chops/Halaal-Free-Range-Lamb-Rib-Chops-Avg-500-g/_/A-2570550000006?isFromPLP=true,2023-05-29,Meat_poultry_fish
452,https://www.woolworths.co.za/prod/Food/Promotions/Buy-2-Or-More-And-Save/Buy-any-2-Save-20-/Easy-To-Cook-Range/Easy-to-Cook-Lamb-Tomato-Bredie-Avg-1-5-kg/_/A-2577390000005?isFromPLP=true,2023-05-29,Meat_poultry_fish
453,https://www.woolworths.co.za/prod/Food/Plant-Based-Shop/Meat-Fish-Alternatives/Beyond-Meat-Plant-Based-Meatballs-8-pk/_/A-1230000068505?isFromPLP=true,2023-05-29,Meat_poultry_fish
454,https://www.woolworths.co.za/prod/Food/Meat-Poultry-Fish/Pork/Crumbed-Pork-Fillets-Avg-650-g/_/A-2572970000000?isFromPLP=true,2023-05-29,Meat_poultry_fish
455,https://www.woolworths.co.za/prod/Food/Meat-Poultry-Fish/Lamb/Chops/Halaal-Free-Range-Leg-of-Lamb-Chops-Avg-1-kg/_/A-2570920000001?isFromPLP=true,2023-05-29,Meat_poultry_fish
456,https://www.woolworths.co.za/prod/Food/Pantry/Snacks-Chips-Nuts/Biltong-Droewors/Original-Free-Range-Sliced-Venison-Biltong-35-g/_/A-6009217580354?isFromPLP=true,2023-05-29,Meat_poultry_fish
457,https://www.woolworths.co.za/prod/Food/Frozen-Food/Frozen-Free-Range-Lamb-Chops-Avg-1-1-kg/_/A-2576280000002?isFromPLP=true,2023-05-29,Meat_poultry_fish
458,https://www.woolworths.co.za/prod/Food/Frozen-Food/Fish-Seafood/Frozen-Trout-Burgers-6-pk/_/A-6009217436514?isFromPLP=true,2023-05-29,Meat_poultry_fish
459,https://www.woolworths.co.za/prod/Food/Meat-Poultry-Fish/Lamb/Cuts-Other/Free-Range-Lamb-Shank-Knuckle-Avg-750-g/_/A-2561300000001?isFromPLP=true,2023-05-29,Meat_poultry_fish
460,https://www.woolworths.co.za/prod/Food/Meat-Poultry-Fish/Angus-Venison-Duck-Ostrich/Free-Range-Venison-Fillet-Avg-500-g/_/A-2573490000006?isFromPLP=true,2023-05-29,Meat_poultry_fish
461,https://www.woolworths.co.za/prod/Food/Meat-Poultry-Fish/Braai/Halaal-Free-Range-Spicy-BBQ-Beef-Burgers-8-pk/_/A-6007875744613?isFromPLP=true,2023-05-29,Meat_poultry_fish
462,https://www.woolworths.co.za/prod/Food/Frozen-Food/Frozen-Extra-Lean-Ostrich-Mince-500-g/_/A-6009223970644?isFromPLP=true,2023-05-29,Meat_poultry_fish
463,https://www.woolworths.co.za/prod/Food/Meat-Poultry-Fish/Angus-Venison-Duck-Ostrich/Wagyu-Thin-Boerewors-Avg-350-g/_/A-2575770000003?isFromPLP=true,2023-05-29,Meat_poultry_fish
464,https://www.woolworths.co.za/prod/Food/Meat-Poultry-Fish/Braai/Traditional-Thick-Boerewors-Avg-600-g/_/A-2578750000000?isFromPLP=true,2023-05-29,Meat_poultry_fish
465,https://www.woolworths.co.za/prod/Food/Meat-Poultry-Fish/Boerewors-Sausages/Free-Range-Traditional-Lamb-Sausage-500-g/_/A-6009226159442?isFromPLP=true,2023-05-29,Meat_poultry_fish
466,https://www.woolworths.co.za/prod/Food/Meat-Poultry-Fish/Our-Ultimate-Free-Range-Lamb-Burgers-4-pk/_/A-6007875744675?isFromPLP=true,2023-05-29,Meat_poultry_fish
467,https://www.woolworths.co.za/prod/Food/Meat-Poultry-Fish/Braai/Bulk-Free-Range-Lamb-Riblets-Avg-950-g/_/A-2578500000007?isFromPLP=true,2023-05-29,Meat_poultry_fish
468,https://www.woolworths.co.za/prod/Food/Frozen-Food/Frozen-Moroccan-Pork-Belly-Espetadas-Avg-800-g/_/A-2576320000009?isFromPLP=true,2023-05-29,Meat_poultry_fish
469,https://www.woolworths.co.za/prod/Food/Meat-Poultry-Fish/Biltong-Droewors/Original-Free-Range-Venison-Biltong-Snapsticks-150-g/_/A-6009217580392?isFromPLP=true,2023-05-29,Meat_poultry_fish
470,https://www.woolworths.co.za/prod/Food/Plant-Based-Shop/Meat-Fish-Alternatives/PlantLove-English-Style-Soya-Sizzlers-330-g/_/A-6009226150951?isFromPLP=true,2023-05-29,Meat_poultry_fish
471,https://www.woolworths.co.za/prod/Food/Pantry/Snacks-Chips-Nuts/Biltong-Droewors/Original-Free-Range-Venison-Dro-wors-400-g/_/A-6009217580378?isFromPLP=true,2023-05-29,Meat_poultry_fish
472,https://www.woolworths.co.za/prod/Food/Frozen-Food/Frozen-Lemon-Dill-Kingklip-Hake-Fish-Cakes-4-pk/_/A-6009223003618?isFromPLP=true,2023-05-29,Meat_poultry_fish
473,https://www.woolworths.co.za/prod/Food/Pantry/Snacks-Chips-Nuts/Biltong-Droewors/Original-Sliced-Beef-Biltong-400-g/_/A-6009223798521?isFromPLP=true,2023-05-29,Meat_poultry_fish
474,https://www.woolworths.co.za/prod/Food/Ready-Meals/Plant-Based-Ready-Meals/Frozen-PlantLove-Soya-Rounds-320-g/_/A-6009217300488?isFromPLP=true,2023-05-29,Meat_poultry_fish
475,https://www.woolworths.co.za/prod/Food/Meat-Poultry-Fish/Biltong-Droewors/Original-Sliced-Beef-Biltong-35-g/_/A-6009223798514?isFromPLP=true,2023-05-29,Meat_poultry_fish
476,https://www.woolworths.co.za/prod/Food/Plant-Based-Shop/PlantLove-Tofu-350-g/_/A-6009226084515?isFromPLP=true,2023-05-29,Meat_poultry_fish
477,https://www.woolworths.co.za/prod/Food/Meat-Poultry-Fish/Beef/Angus-Beef-Denver-Steak-Avg-400-g/_/A-2575660000007?isFromPLP=true,2023-05-29,Meat_poultry_fish
478,https://www.woolworths.co.za/prod/Food/Eid-Shop/Eid-Feast/Eid-Lunch/Easy-to-Cook-Roast/Halaal-Free-Range-Lamb-Knuckles-Avg-750-g/_/A-2570790000002?isFromPLP=true,2023-05-29,Meat_poultry_fish
479,https://www.woolworths.co.za/prod/Food/Meat-Poultry-Fish/Braai/Free-Range-Rosemary-Lamb-Sausage-with-Oregano-500-g/_/A-6009226159459?isFromPLP=true,2023-05-29,Meat_poultry_fish
480,https://www.woolworths.co.za/prod/Food/Promotions/Buy-2-Or-More-And-Save/Buy-any-2-Save-20-/Easy-To-Cook-Range/Chicken-Breast-Fillets-Topped-with-Mozzarella-Spring-Onion-800-g/_/A-6009226483950?isFromPLP=true,2023-05-29,Meat_poultry_fish
481,https://www.woolworths.co.za/prod/Food/Frozen-Food/Beef-Lamb-Poultry-Pork/Frozen-Bulk-Pork-Chops-Avg-1-1-kg/_/A-2576360000007?isFromPLP=true,2023-05-29,Meat_poultry_fish
482,https://www.woolworths.co.za/prod/Food/Deli-Entertaining/Plant-Based/PlantLove-Crumbed-Soya-Ocean-Portions-200-g/_/A-6009223797050?isFromPLP=true,2023-05-29,Meat_poultry_fish
483,https://www.woolworths.co.za/prod/Food/Frozen-Food/Fish-Seafood/Frozen-Uncooked-Whole-Mussels-700-g/_/A-6009223003595?isFromPLP=true,2023-05-29,Meat_poultry_fish
484,https://www.woolworths.co.za/prod/Food/Meat-Poultry-Fish/Burgers/Spinach-South-African-Feta-Free-Range-Chicken-Burgers-800-g/_/A-6009223157038?isFromPLP=true,2023-05-29,Meat_poultry_fish
485,https://www.woolworths.co.za/prod/Food/Meat-Poultry-Fish/Braai/Halaal-Free-Range-Dhania-Lamb-Burgers-8-pk/_/A-6007875744583?isFromPLP=true,2023-05-29,Meat_poultry_fish
486,https://www.woolworths.co.za/prod/Food/Meat-Poultry-Fish/Burgers/Wagyu-Beef-Burgers-680-g/_/A-6009223531913?isFromPLP=true,2023-05-29,Meat_poultry_fish
487,https://www.woolworths.co.za/prod/Food/Ready-Meals/Plant-Based-Ready-Meals/Frozen-PlantLove-Minced-Soya-300-g/_/A-6009217300525?isFromPLP=true,2023-05-29,Meat_poultry_fish
488,https://www.woolworths.co.za/prod/Food/Meat-Poultry-Fish/Free-Range-Crumbed-Chicken-Burgers-6-pk/_/A-6007875514407?isFromPLP=true,2023-05-29,Meat_poultry_fish
489,https://www.woolworths.co.za/prod/Food/Meat-Poultry-Fish/Pork/Chops-Other/Bulk-Pork-Shoulder-Chops-Avg-1-1-kg/_/A-2577450000006?isFromPLP=true,2023-05-29,Meat_poultry_fish
490,https://www.woolworths.co.za/prod/Food/Frozen-Food/Frozen-Bulk-Stewing-Beef-Avg-1-1-kg/_/A-2576250000001?isFromPLP=true,2023-05-29,Meat_poultry_fish
491,https://www.woolworths.co.za/prod/Food/Frozen-Food/Fish-Seafood/Frozen-Lightly-Dusted-Cajun-Hake-Portions-450-g/_/A-6009223371441?isFromPLP=true,2023-05-29,Meat_poultry_fish
492,https://www.woolworths.co.za/prod/Food/Meat-Poultry-Fish/Fish-Shellfish/Whole-Fish-Portions/Mauritian-Spotted-Bass-500-g/_/A-6009226226908?isFromPLP=true,2023-05-29,Meat_poultry_fish
493,https://www.woolworths.co.za/prod/Food/Meat-Poultry-Fish/Fish-Shellfish/Crumbed/Trout-Melts-280-g/_/A-6009226226779?isFromPLP=true,2023-05-29,Meat_poultry_fish
494,https://www.woolworths.co.za/prod/Food/Meat-Poultry-Fish/Braai/Free-Range-Dhania-Lamb-Burgers-8-pk/_/A-6007875744590?isFromPLP=true,2023-05-29,Meat_poultry_fish
495,https://www.woolworths.co.za/prod/Food/Pantry/Snacks-Chips-Nuts/Biltong-Droewors/Original-Angus-Beef-Biltong-Snapsticks-35-g/_/A-6009223162230?isFromPLP=true,2023-05-29,Meat_poultry_fish
496,https://www.woolworths.co.za/prod/Food/Meat-Poultry-Fish/Braai/6-Free-Range-BBQ-Marinated-Lamb-Kebabs-650-g/_/A-6007875744521?isFromPLP=true,2023-05-29,Meat_poultry_fish
497,https://www.woolworths.co.za/prod/Food/Promotions/Buy-2-Or-More-And-Save/Buy-any-2-save-R40/Biltong/Original-Angus-Beef-Snapsticks-150-g/_/A-6009217866199?isFromPLP=true,2023-05-29,Meat_poultry_fish
498,https://www.woolworths.co.za/prod/Food/Plant-Based-Shop/Meat-Fish-Alternatives/Beyond-Meat-Plant-Based-Mince-300-g/_/A-1230000068307?isFromPLP=true,2023-05-29,Meat_poultry_fish
499,https://www.woolworths.co.za/prod/Food/Meat-Poultry-Fish/Fish-Shellfish/Crumbed-Hake-Fillets-Avg-700-g/_/A-2574260000004?isFromPLP=true,2023-05-29,Meat_poultry_fish
